Rank,TeamId,TeamName,LastSubmissionDate,Score,SubmissionCount,TeamMemberUserNames
1,15533625,"Chris Deotte","2026-04-24 01:23:17",0.98219,147,cdeotte
2,15529486,automatylicza,"2026-04-24 09:54:16",0.98211,156,automatylicza
3,15531784,"Kevin E R MILLE","2026-04-24 05:42:08",0.98195,152,kevinermille
4,15527530,Optimistix,"2026-04-23 23:55:31",0.98190,171,optimistix
5,15527608,Jimmer,"2026-04-24 02:27:40",0.98173,143,przemysawonr
6,15527384,"Sung Heo_Claude Code","2026-04-24 11:16:47",0.98169,203,kmmmvs
7,15531323,"r0tor team","2026-04-24 08:21:17",0.98166,64,nikita7364777
8,15529816,Topiast,"2026-04-24 07:15:14",0.98152,100,topiast
9,15607222,"Rui Kamiyama","2026-04-24 12:20:37",0.98146,12,ruikamiyama
10,15527219,F.A.Nina,"2026-04-24 06:48:00",0.98145,237,nina2025
11,15585303,JiaChen2003,"2026-04-24 07:00:30",0.98145,24,"jiachen2003,landh123,ploract"
12,15554197,arbeitslos,"2026-04-24 07:32:50",0.98145,73,"mesutssmn,oziboy"
13,15527637,"Hu Xingyu","2026-04-24 07:34:32",0.98145,13,huxingyu
14,15530379,"MSU-BIT OR","2026-04-24 11:58:27",0.98145,123,"haomingtang1,hrsmbu,ovanespetrosian"
15,15537012,OzanM.,"2026-04-24 07:56:34",0.98145,26,analyticaobscura
16,15544412,"RITTWIK BHOWMICK","2026-04-24 08:24:06",0.98145,10,rittwikbhowmick
17,15694092,"LIM JIA QUAN","2026-04-24 09:12:15",0.98145,12,limjiaquan
18,15558655,"Yuyi Olulu","2026-04-24 09:03:07",0.98145,75,yuyiolulu
19,15554230,"mouhamed klila","2026-04-24 10:54:22",0.98145,18,mohamedklila8klila
20,15639983,"[RU] Nikita Kuznetsov","2026-04-24 10:31:51",0.98145,25,nikitakuznetsof
21,15535160,"Mohamed Eladab","2026-04-24 10:57:39",0.98145,2,mohamedeladeb
22,15660770,mlhoffmann,"2026-04-24 12:25:48",0.98145,25,mlhoffmannsouza
23,15529166,"Aman Atar","2026-04-24 11:56:50",0.98145,10,amanatar
24,15527265,"Ravi Ramakrishnan","2026-04-24 12:12:07",0.98145,51,ravi20076
25,15730779,Afr1ste,"2026-04-24 12:29:12",0.98145,5,afr1ste
26,15527237,AnthonyTherrien,"2026-04-24 12:18:55",0.98145,24,anthonytherrien
27,15594582,Star,"2026-04-24 12:35:08",0.98145,36,"hhhmins,starxinglan"
28,15537245,barahh2,"2026-04-24 09:16:39",0.98145,145,barahh2
29,15564449,test_need,"2026-04-24 11:25:57",0.98144,20,michaelsemenoff
30,15528959,"Mikhail Naumov","2026-04-24 11:07:37",0.98140,173,mikhailnaumov
31,15593556,"Dr R Kotteeswaran","2026-04-24 07:38:22",0.98137,30,drrkotteeswaran
32,15724445,lishixi,"2026-04-24 12:11:11",0.98137,5,lishixi0210
33,15544689,D_EXIST,"2026-04-24 05:50:42",0.98135,19,dexist
34,15571658,"Kaggler Sergio","2026-04-23 20:01:41",0.98135,104,kagglersergio
35,15645665,miki,"2026-04-24 11:48:48",0.98134,60,miki2025lee
36,15705800,"Koustubh B Kulkarni","2026-04-24 04:12:31",0.98134,5,koustubhbkulkarni
37,15620280,"Popova Anastasia ","2026-04-24 11:39:13",0.98134,3,popovaanastasia31
38,15560810,"Gajanan Barve","2026-04-24 05:49:45",0.98134,18,gajananbarve
39,15595793,"Mridankan Mandal","2026-04-24 05:52:30",0.98134,1,redzapdos123
40,15528188,"Don Mani","2026-04-24 06:00:55",0.98134,9,donmarch14
41,15557803,Mark`n,"2026-04-24 06:30:51",0.98134,2,masarusanada
42,15673105,WuHanLIM,"2026-04-24 08:36:59",0.98134,7,wuhanlim
43,15538294,"JASPREET SINGH","2026-04-24 09:38:27",0.98134,43,jaspreetsingh9652
44,15613958,"Mengfei Li","2026-04-24 09:58:07",0.98134,55,meli19
45,15539490,"Ruchir Kale","2026-04-24 11:44:17",0.98134,30,ruchirkale
46,15699531,"AYP PLAYS","2026-04-24 12:48:07",0.98134,20,aypplays
47,15541982,SaeifYemen,"2026-04-24 00:16:25",0.98133,159,saeifyemen
48,15527708,AshishSinghRawat,"2026-04-24 07:04:27",0.98132,57,rawashishsin
49,15584542,"Yuyi Olulu1","2026-04-19 00:28:45",0.98131,55,yuyuyououou
50,15558345,"Elvis Bui","2026-04-24 07:25:20",0.98131,114,elvisbui
51,15529493,cstdy,"2026-04-24 05:22:59",0.98130,71,kirill0212
52,15724549,Radinmas,"2026-04-24 04:05:00",0.98127,10,radinmas
53,15724651,bishantoa,"2026-04-24 04:22:24",0.98127,10,bishantoa
54,15640518,"Pinkrah Nana Ofosuhene","2026-04-24 01:37:39",0.98125,79,pinkrahnanaofosuhene
55,15672087,HunterNgBoonHian,"2026-04-24 03:07:00",0.98124,20,hunter1995
56,15724350,BoonHian,"2026-04-24 03:37:36",0.98124,10,boonhian
57,15528200,"Jeki Wan Taufik","2026-04-24 03:07:02",0.98124,18,jek1wantaufik
58,15527822,kglctf,"2026-04-24 03:25:47",0.98124,231,kglctf
59,15589009,AlexSpmz,"2026-04-24 08:30:55",0.98124,20,alexspmz
60,15676614,"Jennie Wong","2026-04-24 02:54:55",0.98123,15,jenniewong23
61,15548594,sfuchs,"2026-04-23 06:52:10",0.98122,111,sfuchs1
62,15527400,"Oscar Aguilar","2026-04-24 00:12:01",0.98121,83,oscarm524
63,15690151,"Oskar Seweryn","2026-04-24 07:13:37",0.98121,11,oskarseweryn
64,15528935,Kirderf,"2026-04-24 08:54:43",0.98120,35,kirderf
65,15527336,UtaAzu,"2026-04-24 01:13:48",0.98120,150,utaazu
66,15600176,"Thiago Vieira","2026-04-24 12:59:00",0.98120,54,tcvieira
67,15603627,wangli1166,"2026-04-21 02:56:58",0.98119,49,wangli1166
68,15528243,"Roshan 1285","2026-04-23 18:23:55",0.98119,132,roshan1285
69,15530860,CAPRICORNUS0908,"2026-04-24 12:42:17",0.98119,47,capricornus0908
70,15575549,"Berat Erol ÇELİK","2026-04-21 08:54:38",0.98119,25,beraterolelk
71,15527582,"Yusuf Murtaza","2026-04-21 04:55:54",0.98119,53,yusufmurtaza01
72,15639307,"Samyakraj Bayar","2026-04-22 16:32:59",0.98119,14,samyakrajbayar
73,15662913,zulfikar.khalwaniev,"2026-04-22 07:44:06",0.98119,5,khalwaniev
74,15674703,"Harsh Tripathi","2026-04-21 18:28:42",0.98119,1,harshtripathi007
75,15539060,SMBU,"2026-04-24 07:23:39",0.98119,51,"daryakoleda,tigtory,valeriiayudicheva"
76,15663436,thisray,"2026-04-23 05:44:02",0.98119,23,thisray
77,15541806,"Liviu Olos","2026-04-23 04:55:09",0.98119,57,liviuolos
78,15641251,"vivek singh","2026-04-22 15:03:34",0.98119,3,vivek9475
79,15644485,"Pedro Marques","2026-04-22 17:57:55",0.98119,36,pedromarques02
80,15532680,P3069,"2026-04-22 19:21:57",0.98119,2,pietrocol
81,15527357,栗ご飯,"2026-04-23 01:32:18",0.98119,26,criticalpath1903
82,15645772,"Luke Stafford","2026-04-24 06:47:16",0.98119,32,luketstafford
83,15532259,Gaurav9711,"2026-04-23 19:23:47",0.98119,15,gaurav9711
84,15547006,"Ömer Faruk Yüce","2026-04-23 08:11:48",0.98119,22,merfarukyce
85,15636599,jingle2026,"2026-04-23 16:40:46",0.98119,21,jingle2026
86,15610480,"Sathya Narayanan 8","2026-04-23 09:48:40",0.98119,8,sathyanarayanan8
87,15700648,"M. Shaheer Uddin - 28312","2026-04-24 10:32:05",0.98119,7,mshaheeruddin28312
88,15558760,Yaserntx',"2026-04-23 10:06:40",0.98119,9,yashanathaniel
89,15590902,"Prinshu Dewangan","2026-04-23 15:02:35",0.98119,31,prinshudewangan
90,15529741,FLR,"2026-04-23 11:28:33",0.98119,33,"claireeverly,fanyujiej,jiawenren"
91,15719824,"Cuger zhangj","2026-04-23 13:59:49",0.98119,1,cugerzhangj
92,15720859,"Izzan S. A.","2026-04-23 16:01:30",0.98119,1,isamobagaming
93,15586813,"Arjun Madaan","2026-04-23 16:57:12",0.98119,10,juniam
94,15721949,"Maicol AB.","2026-04-23 18:15:13",0.98119,1,maicolab
95,15722329,AbdullahAYP,"2026-04-23 19:37:18",0.98119,4,abdullahayp
96,15723024,tanmay,"2026-04-23 21:30:20",0.98119,1,tanmayz5110
97,15587957,"Muhammad Firdaus","2026-04-24 00:55:43",0.98119,5,ldausl
98,15592753,"Santiago Maniches","2026-04-24 03:06:00",0.98119,61,santmani
99,15527796,"Ilya Sevastyanov","2026-04-24 02:41:31",0.98119,24,sev1lya
100,15530774,Tshithihi,"2026-04-20 06:21:17",0.98118,11,nawfeelrahman1124444
101,15582376,"Anidipta Pal","2026-04-20 06:35:36",0.98118,3,anidiptapal
102,15529825,Mohit,"2026-04-23 17:00:05",0.98118,33,mohit78241
103,15657559,TAMIYA_GE,"2026-04-20 09:25:37",0.98118,3,tamiyage
104,15657957,Anusha_1823,"2026-04-23 06:58:46",0.98118,9,anusha1823
105,15529477,"guillaume boursiac","2026-04-20 11:20:03",0.98118,20,guillaumeboursiac
106,15535991,"Charismatic Pizza Party🍕","2026-04-20 12:26:21",0.98118,4,debugendless
107,15545619,TommyPhan4848,"2026-04-21 09:19:40",0.98118,16,tommyphan4848
108,15527571,"BELBIN BENO R M","2026-04-21 17:42:17",0.98118,16,belbino
109,15661638,"Peter Staykov","2026-04-20 20:38:49",0.98118,5,peterstaykov
110,15664106,aa,"2026-04-22 16:17:39",0.98118,16,joanne1n
111,15670475,"natalya fenster","2026-04-21 11:37:37",0.98118,2,natalyafenster
112,15615493,Rafayel,"2026-04-21 12:37:01",0.98118,8,rafayel0808
113,15527757,"Phoneix Algorithms","2026-04-21 17:59:29",0.98118,62,"digutlaranjithkumar,mohankrishnathalla,rakesh630"
114,15649060,"Mohamed Bentalb","2026-04-23 00:56:14",0.98118,12,mohamedbentalb
115,15616356,"Shep Scientific","2026-04-22 12:40:30",0.98118,3,shepscientific
116,15571550,Blumine,"2026-04-22 12:49:16",0.98118,22,blumine
117,15610864,"Aditi Ullegaddi","2026-04-22 17:34:10",0.98118,22,"aditiullegaddi,sagarmn,shreyassgunari"
118,15530654,wenjiejie,"2026-04-24 11:53:55",0.98118,32,wenjiejie
119,15730986,pzx0509,"2026-04-24 12:48:38",0.98118,7,pzx0509
120,15585208,"vogts wu","2026-04-18 12:25:13",0.98118,39,vogtswu
121,15612113,CorvusRomanus,"2026-04-22 04:57:21",0.98118,9,corvusromanus
122,15580949,"Liu Gawa","2026-04-22 05:38:07",0.98118,5,liugawa
123,15612687,Troyxxf,"2026-04-24 02:22:31",0.98118,110,troyxxf
124,15527217,"Rohit Kumar","2026-04-23 14:05:47",0.98118,52,rohit8527kmr7518
125,15530832,"Yash Mohan","2026-04-24 07:39:44",0.98118,29,yashm917
126,15529527,"Naoki Osako","2026-04-21 12:21:37",0.98117,33,naokiosako
127,15532503,"Manasi Pandit","2026-04-22 18:35:27",0.98117,16,manasi197
128,15528263,"Tokyo Manji Code Gang","2026-04-21 18:02:00",0.98117,8,"drakensensei,mikeytracegod"
129,15528556,"Neelam Uday Kiran","2026-04-21 18:00:39",0.98116,21,neelamuday
130,15547832,PixelPuff,"2026-04-24 05:28:25",0.98116,47,krishpatel290895
131,15591240,"HUN UUNNN","2026-04-18 08:15:49",0.98115,82,hunuunnn
132,15598628,"Kirolos Talat","2026-04-16 07:09:22",0.98114,9,kirolostalat
133,15604030,SCNU-DATA,"2026-04-15 01:03:15",0.98114,31,"lzp656,yejianrui"
134,15567123,"Kaggle Agent","2026-04-13 02:29:10",0.98114,54,jiweiliu
135,15606186,"Harish Azka Firdaus","2026-04-13 03:32:53",0.98114,3,harishazkafirdaus
136,15528634,"Can Özensoy","2026-04-17 06:12:19",0.98114,41,canozensoy
137,15529529,"Mathurin Ache","2026-04-13 07:26:04",0.98114,13,mathurinache
138,15581914,"Yashwant Bora","2026-04-13 08:06:36",0.98114,3,yashwantbora
139,15533933,"Olabode James","2026-04-23 23:54:00",0.98114,82,olabodejames
140,15539726,"DIPESH LOHCHAB","2026-04-14 04:59:06",0.98114,18,dipeshlohchab
141,15576619,z~,"2026-04-14 12:07:37",0.98114,16,mingbiaoliu
142,15570083,"ajajaj dkdkdk","2026-04-14 13:11:47",0.98114,2,ajajajdkdkdk
143,15604846,"Fadhaa Ali","2026-04-14 14:45:15",0.98114,1,fadhaaali
144,15570528,"Danil Kutsy","2026-04-18 09:59:23",0.98114,4,daniilkutsy
145,15527564,JiayuRoyYao,"2026-04-15 04:53:01",0.98114,1,jiayuroyyao
146,15579781,"romano amt","2026-04-23 13:04:14",0.98114,25,romanoamt
147,15533207,klo000,"2026-04-15 09:17:34",0.98114,2,klo000
148,15537340,"Ra'uf Fauzan Rambe","2026-04-15 13:01:05",0.98114,6,rauffauzanrambe
149,15592312,"[RU] Андрей Ганин","2026-04-15 22:02:27",0.98114,1,qwertyyyy769492
150,15540309,Giba-Assistant,"2026-04-17 16:06:01",0.98114,47,titericz
151,15531022,"Ngô Xuân Kiên","2026-04-16 03:35:18",0.98114,2,kienngx
152,15627179,"Daujohn [dsml.kz]","2026-04-16 04:58:06",0.98114,3,aithbb
153,15602818,ayushokaay,"2026-04-16 06:32:10",0.98114,8,ayushparwal
154,15628438,"Hyun-woo Kim","2026-04-16 07:07:01",0.98114,1,hwkims
155,15537581,"Oleg Zagorulko","2026-04-16 11:25:07",0.98114,1,altersystem
156,15631461,"Nguyễn Tuấn Khôi","2026-04-18 14:23:13",0.98114,11,khoingt
157,15616671,"Aiden Asher","2026-04-17 00:47:03",0.98114,31,aidenasher
158,15530670,"Mohammed Majeed","2026-04-16 17:28:01",0.98114,3,mojjeed
159,15635065,"Dmitrii Pobarabanov","2026-04-17 03:51:20",0.98114,1,dmitriipobarabanov
160,15635077,andr52,"2026-04-17 03:53:20",0.98114,1,andr52
161,15629357,papicha52,"2026-04-17 03:57:01",0.98114,1,papicha52
162,15635134,QingGeiWoQian,"2026-04-17 04:03:05",0.98114,1,qinggeiwoqian
163,15636285,"golianova sofia","2026-04-17 07:28:52",0.98114,1,golianovasofia
164,15582177,hehaha87514647,"2026-04-19 14:11:15",0.98114,14,hehaha87514647
165,15540518,"Kenji Otsuka","2026-04-18 05:23:02",0.98114,24,kenjiotsuka
166,15530506,nobuya,"2026-04-24 04:39:30",0.98114,118,kakiginobuya
167,15643057,JJShadow,"2026-04-19 11:39:23",0.98114,2,rvslight
168,15644639,"Gaurav Kokila","2026-04-18 11:01:19",0.98114,1,gauravkokila
169,15620823,"Wesley Parker","2026-04-18 13:23:27",0.98114,13,wesleyparker661
170,15574393,"Lakmana Thabrew","2026-04-18 14:05:33",0.98114,4,chulankalakmana
171,15531115,"Fahmi Agung Maulana","2026-04-19 04:03:27",0.98114,3,fahmiagungmaulana
172,15528511,IEEM26_112034006,"2026-04-18 15:52:58",0.98114,16,ray614h
173,15595162,theredbluepill,"2026-04-19 02:56:38",0.98114,3,poonszesen
174,15556607,"vedant pol","2026-04-21 01:45:23",0.98114,40,vedantpol
175,15527907,"Jung ji hoon","2026-04-19 10:15:09",0.98114,1,watashiniuta
176,15651438,resilientmax,"2026-04-19 11:53:01",0.98114,1,resilientmax
177,15580857,"Banji Olaniyan","2026-04-19 15:37:35",0.98114,7,banjiolaniyan
178,15527539,daoviet,"2026-04-20 11:35:52",0.98114,20,daoviet
179,15593690,LeeVvin,"2026-04-21 11:12:57",0.98114,18,leevvin
180,15573505,dxee,"2026-04-23 05:27:59",0.98114,14,dxeeeee
181,15537887,"Minakshi Adhiya","2026-04-23 10:12:55",0.98114,7,minakshiadhiya
182,15632586,"Adnan Ashraf","2026-04-23 17:12:57",0.98114,6,adnan16
183,15576507,"Cyril Bourgeois","2026-04-21 22:02:24",0.98113,31,cyrilbourgeois
184,15570040,kashifalikhan360,"2026-04-22 13:37:29",0.98113,20,kashifalikhan360
185,15527303,Antonoof,"2026-04-16 00:02:03",0.98113,1,antonoof
186,15574227,lytCNAORevision2018,"2026-04-16 00:43:24",0.98113,2,lytcnaorevision2018
187,15613990,"이성재 (alchemist)","2026-04-17 07:11:21",0.98113,25,alchemist101
188,15651559,"BNBU GUO Rongheng","2026-04-19 13:59:11",0.98113,1,bnbuguorongheng
189,15527218,"Muhammad Hassan Saboor","2026-04-23 09:37:17",0.98107,146,mhassansaboor
190,15531512,"Shiv Satyam","2026-04-22 16:49:20",0.98106,79,shivsatyam
191,15609600,"Victor Chege","2026-04-13 22:27:42",0.98096,10,victorchege0
192,15528998,"Woods Hole","2026-04-24 12:28:34",0.98095,126,woodshole
193,15552963,"Amu Suemoto","2026-04-20 13:25:34",0.98093,93,amusuemotoarakawalab
194,15565320,ommo007,"2026-04-16 13:18:58",0.98088,81,ommo0047
195,15532306,"Kawish Hassan","2026-04-17 16:13:14",0.98088,32,kawishhassan
196,15530291,"Tamerlan Omralinov","2026-04-22 15:07:23",0.98088,27,tamerlanomralinov
197,15590962,"Sohail Khan","2026-04-17 05:31:00",0.98088,3,sohailkhanlml
198,15630083,"Ilja Grigorjev","2026-04-19 16:37:14",0.98086,18,iljagrigorjev
199,15538085,"Jose L GS","2026-04-24 11:21:23",0.98085,8,joselgs
200,15635589,"ss lokk","2026-04-17 12:45:08",0.98081,8,sslokk
201,15528421,Will,"2026-04-13 20:58:22",0.98081,66,wguesdon
202,15691511,Rustybolt,"2026-04-23 02:30:04",0.98077,2,camphor5
203,15530824,"Umair Zia","2026-04-13 10:28:53",0.98075,14,stealthtechnologies
204,15545706,Ole-Jakob,"2026-04-23 14:51:22",0.98075,84,olejakobrosenvold
205,15596876,"DEVANSH GUPTA","2026-04-11 11:53:22",0.98074,2,devanshxmg
206,15528610,"Komil Parmar","2026-04-11 16:45:46",0.98074,25,komilparmar
207,15529442,Safarbek,"2026-04-11 17:16:57",0.98074,2,safar1
208,15528155,MILANFX,"2026-04-11 19:21:45",0.98074,43,milanfx
209,15595127,"Jostina Ndavi","2026-04-12 07:58:15",0.98074,3,jostinandavi
210,15604239,"Labib Shahriar","2026-04-12 19:10:25",0.98074,1,labibshahriar
211,15670765,"Ivan Shatskov","2026-04-23 07:07:22",0.98072,9,ivanshatskov
212,15530802,"Yusaku Muroya","2026-04-14 22:29:35",0.98072,33,ymuroya47
213,15551332,"tom c tea","2026-04-22 09:31:17",0.98072,27,tomctea
214,15527496,galaxy2025,"2026-04-23 16:22:52",0.98071,87,galaxy2025
215,15537540,AnRyisReal,"2026-04-21 15:48:02",0.98071,28,anryisreal
216,15589703,omega_camphor5,"2026-04-21 13:39:32",0.98071,16,bhardwajapoorv
217,15529500,"Arko Bera","2026-04-22 11:10:52",0.98068,27,cartoonistbeard
218,15529846,"Tuncay Aydın","2026-04-24 06:59:53",0.98066,72,muhammedtuncayaydn
219,15527270,"MaHogClaw 🦞🐗🦞","2026-04-24 12:10:52",0.98065,45,mahoganybuttstrings
220,15542442,chipssy,"2026-04-22 09:58:11",0.98063,63,shotafubasami
221,15528398,Joypig,"2026-04-23 20:35:56",0.98061,18,joypig
222,15527845,Yuki_Kaneko,"2026-04-18 03:10:10",0.98061,70,yukikanek0
223,15532649,charmy444,"2026-04-10 20:20:52",0.98060,2,charmy444
224,15601171,"[Deleted] 96c53d75-a55e-46b6-90a0-973a1839e061","2026-04-19 07:52:32",0.98059,9,hannasvedjetun
225,15533606,"Oscar Le","2026-04-24 09:37:27",0.98058,106,oscarletech
226,15556394,"Games Jadley","2026-04-22 02:36:41",0.98058,143,gamesjadley
227,15529359,"Make It Rain","2026-04-13 02:43:30",0.98057,36,"astrolan,liyunzhang10,ytljaychou"
228,15529504,"Dunni Olu-Ajayi","2026-04-24 02:18:40",0.98057,42,oluwadunnioluajayi
229,15533466,"[MFTIDS]Ivan Aleksandrov","2026-04-20 19:30:37",0.98056,16,ivanblch
230,15559285,"Ye Guanzi","2026-04-16 07:29:33",0.98054,75,aaautomata
231,15541288,IEEM26_112034038,"2026-04-20 17:03:18",0.98054,36,s112034038
232,15535981,"Mizushima Toshihiko","2026-04-24 05:12:08",0.98053,128,mizushimatoshihiko
233,15527251,yunsuxiaozi,"2026-04-13 22:54:18",0.98051,28,yunsuxiaozi
234,15530816,Mirko,"2026-04-22 09:06:25",0.98047,42,mirko45
235,15670485,"Halo Kitty","2026-04-24 11:14:09",0.98047,19,liudalang
236,15556006,Ak,"2026-04-24 12:31:12",0.98046,92,abisheksrivastav
237,15572144,"Noorjahan darugar","2026-04-23 16:47:53",0.98045,34,"anushavernekar,noorjahandarugar"
238,15539153,"Enrico Clein","2026-04-15 10:35:06",0.98045,68,dvenrico
239,15608586,"Maher el Ouahabi","2026-04-18 01:17:52",0.98044,20,maherelouahabi
240,15549187,statify,"2026-04-11 17:52:15",0.98044,2,mirazul687
241,15527233,W-Bruno,"2026-04-07 15:08:06",0.98042,24,haoqiangzheng
242,15527577,"Max Podd","2026-04-21 14:35:34",0.98041,91,maxpodd
243,15646108,IEEM26_112034001,"2026-04-19 12:07:31",0.98039,6,ieem27112034001
244,15630187,リュウシ,"2026-04-23 23:57:50",0.98037,2,ryushipb
245,15534779,maronist,"2026-04-24 07:46:05",0.98035,27,emikonandate
246,15564874,"Pawel Rainer","2026-04-12 10:31:29",0.98035,56,pawelrainer
247,15540533,"Emre Keleş","2026-04-23 21:20:38",0.98034,10,"emrekele,eslemgler,fathmehmetyilmaz"
248,15528072,Mochi,"2026-04-21 21:18:52",0.98033,57,"evanarlenhandy,supriani"
249,15591994,"Gaiar Baimuratov","2026-04-12 06:12:07",0.98033,16,baimuratov
250,15532538,"Aryan Chauhan","2026-04-10 07:11:37",0.98029,49,aryanchauhan97971234
251,15527277,turtle,"2026-04-10 09:14:54",0.98029,55,itasps
252,15528429,"Elena Petrova","2026-04-22 06:42:31",0.98028,24,elenkapetrova
253,15600442,"Ankur Manikandan","2026-04-21 07:02:51",0.98027,20,ankursg8
254,15601955,delai50,"2026-04-20 22:07:22",0.98027,18,delai50
255,15530821,Jorgen9B,"2026-04-23 23:42:57",0.98026,46,jorgen9b
256,15562511,nuwaaaa0000,"2026-04-24 10:55:49",0.98020,28,nuwaaaa0000
257,15554063,"Kaichi Morimoto","2026-04-09 05:36:56",0.98019,41,kaichimorimoto
258,15527480,daehekacsugnuF,"2026-04-23 10:12:02",0.98018,26,funguscakehead
259,15527248,LLL,"2026-04-08 22:10:21",0.98018,2,pavijaniaa
260,15531579,"Mehmet Özer","2026-04-11 18:56:39",0.98018,8,ozermehmet
261,15531356,RealVisheshBhardawaj,"2026-04-10 08:45:34",0.98018,7,realvisheshbhardawaj
262,15527372,Hermengardo,"2026-04-16 03:48:45",0.98018,70,hermengardo
263,15547400,itsuki-data,"2026-04-13 16:51:41",0.98018,13,itsuki89
264,15537766,"Swamita sachan","2026-04-18 17:44:27",0.98018,46,swamitasachan
265,15527970,BlamerX,"2026-04-22 07:24:36",0.98018,30,blamerx
266,15534853,IEEM26_112034002,"2026-04-16 06:18:36",0.98015,31,crazyjoshua123
267,15707880,"Jaivardhan Bhola","2026-04-24 10:53:11",0.98015,14,jaivardhanb
268,15581548,askbox,"2026-04-13 11:38:32",0.98013,12,askboxnet
269,15552882,osushi_ztmy,"2026-04-18 00:00:18",0.98013,14,shoheisekido
270,15528728,"Thiebaut S.","2026-04-20 18:06:59",0.98012,13,thiebauts
271,15529540,Markus.JM,"2026-04-23 18:51:17",0.98011,34,maiernator
272,15530819,SergeyN1942,"2026-04-20 08:44:45",0.98011,22,sergeyn1942
273,15563898,athlonk7,"2026-04-09 00:39:58",0.98011,25,isenhart
274,15531763,"Giovanni Marco Dall'Olio","2026-04-09 00:17:21",0.98011,18,dalloliogm
275,15527223,"Emanuel Lázaro","2026-04-09 21:27:02",0.98011,8,emanuellcs
276,15556329,"Kostiantyn Kazanin","2026-04-15 19:18:11",0.98011,20,kostya876
277,15527498,irona,"2026-04-23 09:00:57",0.98011,33,ironaa
278,15597630,horizen12,"2026-04-13 10:27:44",0.98011,8,horizen12
279,15546307,tuko_tanzwoo,"2026-04-14 13:10:38",0.98011,11,tukotanzwoo
280,15590963,沈奇233,"2026-04-14 16:41:08",0.98011,1,sqqs123
281,15543107,khgb,"2026-04-24 11:19:36",0.98011,21,"khgb123,tiesinger"
282,15556964,"Solan K","2026-04-24 00:46:17",0.98011,27,solank
283,15570185,Arshi,"2026-04-18 15:08:45",0.98011,2,arshikhan810
284,15531755,"Nishant Raj","2026-04-20 08:37:43",0.98011,6,nishant30488
285,15541165,"seddik Ssd","2026-04-22 10:09:14",0.98011,4,seddikbenkerrouche
286,15637862,"Irrigation Insights","2026-04-19 20:05:01",0.98011,3,"hamnamunir,mirzayasirabdullah07,tayyebasaleem"
287,15551788,"Takuya Mizutani","2026-04-08 00:23:44",0.98010,20,takuyamizutani
288,15561804,"Rahul Datta","2026-04-08 15:02:04",0.98005,18,rahul2008d
289,15658430,ChrisLeiteScha,"2026-04-24 06:42:35",0.98005,27,chrisleitescha
290,15572083,m0619,"2026-04-18 14:40:41",0.98004,40,m1011304542
291,15528254,kava1,"2026-04-20 07:17:03",0.98002,75,ichirohippo
292,15533251,Marcos,"2026-04-23 14:48:20",0.97998,78,marcosmuozgonzlez
293,15531483,GyoGyoCat,"2026-04-23 15:13:38",0.97998,28,gyogyocat
294,15538820,"Tunahan Kılıç","2026-04-08 12:25:02",0.97998,9,tunahankilic
295,15543664,fffxide,"2026-04-24 04:03:54",0.97997,29,fffxide
296,15571637,BhuvanNR,"2026-04-16 18:13:49",0.97996,14,bhuvannr2006
297,15700810,IEEM26_112034048,"2026-04-23 14:21:59",0.97995,7,s112034048
298,15589122,萤火2018,"2026-04-23 22:17:35",0.97993,33,aiwody
299,15528195,"Huzaifa Mankda","2026-04-20 05:09:56",0.97992,29,huzaifa242
300,15530112,Nenya,"2026-04-05 21:29:14",0.97990,31,nenya17
301,15637101,"Blumine 514","2026-04-17 09:40:19",0.97989,1,blumine514
302,15529049,Timme,"2026-04-15 00:43:40",0.97989,19,timmecom
303,15612458,"Haruka Riku","2026-04-20 03:06:22",0.97989,14,harukariku
304,15634883,"nick gault","2026-04-23 13:56:57",0.97988,19,nicholasgg
305,15693115,heraoRH,"2026-04-23 08:29:12",0.97986,2,heraorh
306,15528410,Rocky,"2026-04-14 11:27:25",0.97984,30,rockyt07
307,15542212,"Younes Zahouni","2026-04-24 09:34:16",0.97984,65,youneszahouni
308,15527761,"Taylor Sanderson","2026-04-10 06:28:20",0.97984,41,taylorsanderson1
309,15529427,Evdilos_Ikaria,"2026-04-22 20:48:26",0.97983,36,georgem
310,15567147,"sven weidenmann","2026-04-10 17:33:20",0.97979,6,svenweidenmann
311,15544093,しょうげん,"2026-04-24 11:51:02",0.97979,18,shogen8192
312,15653912,lchijk,"2026-04-21 14:41:06",0.97978,5,lchijk
313,15628773,thisisroni,"2026-04-22 07:29:34",0.97978,38,thisisroni
314,15556181,ksew364,"2026-04-08 17:00:29",0.97978,28,ksew364
315,15617901,jshivers,"2026-04-16 05:09:26",0.97975,18,jshivers
316,15571956,cigdembal,"2026-04-24 10:11:02",0.97975,77,cigdembaloglu
317,15533334,"Baseer Shah","2026-04-23 12:15:51",0.97973,43,baseershah
318,15551944,BaiYuBY,"2026-04-19 13:48:28",0.97972,99,baiyuby
319,15563525,Ansh,"2026-04-07 15:10:08",0.97971,11,affection
320,15568755,"Vishesh Kumar Bansal","2026-04-07 05:19:43",0.97971,1,visheshkumarbansal
321,15562472,vineet3jangir,"2026-04-07 13:39:43",0.97971,5,vineet3jangir
322,15555028,"Tushar Sarkar","2026-04-07 18:20:04",0.97971,5,tushar11124k
323,15574153,"Master Teo","2026-04-08 04:12:03",0.97971,10,sirteo
324,15528241,learning_men,"2026-04-20 01:56:24",0.97971,31,learningmen
325,15529575,m0bgun,"2026-04-10 19:47:26",0.97971,14,m0bgun
326,15534996,guansuo,"2026-04-08 15:37:21",0.97971,2,guansuo
327,15576536,Syooooo＿0304,"2026-04-10 02:21:53",0.97971,3,syooooo0304
328,15618685,"animal inner","2026-04-20 12:33:17",0.97971,10,animalinner
329,15530587,"Stephen RD","2026-04-21 18:57:50",0.97971,73,stephenrd
330,15531692,dosomethingbetter,"2026-04-11 19:04:08",0.97970,8,dosomethingbetter
331,15527335,おっくん,"2026-04-22 22:49:30",0.97970,42,oknall
332,15527773,"road to 98","2026-04-09 21:28:04",0.97965,56,ektarr
333,15539728,Somni,"2026-04-22 06:54:04",0.97965,13,twilight057
334,15533309,"Traiko Dinev","2026-04-24 11:28:40",0.97959,51,include4eto
335,15587542,yuanzhiyi,"2026-04-10 02:35:11",0.97959,1,yzy114514
336,15529012,"Daniil Dovbiy","2026-04-10 17:43:33",0.97959,25,daniildovbiy
337,15533029,Merhiro,"2026-04-12 18:27:31",0.97959,10,merhiro
338,15556746,SpiralTip,"2026-04-18 07:50:06",0.97956,13,spiraltip
339,15535494,"Gerald Schwartz","2026-04-22 03:30:15",0.97956,6,geraldschwartz
340,15591178,"kimani njonge","2026-04-23 11:29:24",0.97956,2,kimaninjonge
341,15645393,Lt.kang,"2026-04-20 05:50:38",0.97955,15,fakepenrose
342,15552798,"Amano Amane","2026-04-09 12:06:43",0.97954,10,amanoamane
343,15592598,Hamachi,"2026-04-14 12:19:04",0.97953,1,hamatz
344,15545357,lddoogg,"2026-04-22 13:12:15",0.97949,17,lddoogg
345,15531793,"Simarbir Singh Sandhu","2026-04-13 13:20:53",0.97948,12,simarbirsinghsandhu
346,15538378,Yoshitomo,"2026-04-24 10:26:32",0.97947,150,tomomikajiuchi
347,15544851,musa：)❤,"2026-04-24 01:13:33",0.97947,4,mole1551
348,15540906,"Rayirth Dinesh","2026-04-05 03:57:57",0.97943,8,rayirthdinesh
349,15580829,wakasay,"2026-04-20 11:52:08",0.97943,4,wakasay
350,15538925,"Mohammed Farag","2026-04-24 04:40:21",0.97943,25,mohammedfarag
351,15545988,None_Null,"2026-04-19 15:09:30",0.97942,19,shylovd
352,15573990,"Usman Khan","2026-04-12 12:07:30",0.97940,10,usman707
353,15630088,IEEM26_111034072,"2026-04-23 15:20:25",0.97940,11,linzssss
354,15538959,Hopps233,"2026-04-17 08:59:14",0.97939,19,hopps233
355,15569669,"Yihan Guo","2026-04-07 16:42:24",0.97938,3,yihanguo
356,15703706,"Sinh Nguyễn Đức","2026-04-22 22:59:30",0.97937,2,sinhnguync
357,15615490,"Fernando Cezar Szekut","2026-04-23 14:36:02",0.97934,28,fszekut
358,15542564,IEEM26_112034067,"2026-04-23 07:16:13",0.97934,44,s112034067
359,15528837,OscarHu66,"2026-04-13 15:28:58",0.97933,51,"oscarhu66,qzswmai"
360,15688073,moeuuu,"2026-04-23 03:10:28",0.97932,3,moeuuu
361,15540046,"SHIVENDRA SINGH_12","2026-04-20 07:40:40",0.97932,31,shivendrasingh12
362,15527567,"Akwuiwu Ebube","2026-04-22 10:59:54",0.97931,94,akwuiwuebube
363,15531574,"Georgios Nikolitsis","2026-04-13 16:19:47",0.97931,70,gnikolitsis
364,15593133,Hitchhiker2TheFuture,"2026-04-24 12:12:03",0.97929,71,hitchhiker2thefuture
365,15612585,"yile deng","2026-04-14 12:19:01",0.97929,7,yiledeng
366,15527859,S-as-H,"2026-04-24 08:54:44",0.97929,36,"npuerl,sasha1111"
367,15554662,metrovoc,"2026-04-07 23:49:59",0.97924,33,metrovoc
368,15539076,guoyihui,"2026-04-11 09:38:58",0.97921,12,guoyihui
369,15528539,"Huseyin Cenik","2026-04-19 14:47:57",0.97915,29,huseyincenik
370,15554900,"Apoorv Bhardwaj","2026-04-10 09:24:45",0.97912,4,totallyapoorv
371,15557982,masaishi,"2026-04-15 06:39:16",0.97910,8,masaishi
372,15540674,Miles,"2026-04-08 00:02:04",0.97908,61,milesqli
373,15557628,ohioyy,"2026-04-23 06:22:12",0.97906,50,ohioyy
374,15693037,pure1213,"2026-04-23 07:30:48",0.97906,4,pure1213
375,15563782,"Zoubair Kachri","2026-04-14 10:00:37",0.97900,28,zoubairkachri
376,15551029,"Chris Kirkup","2026-04-08 13:13:50",0.97898,23,ckirkup
377,15638167,"maria nadeem","2026-04-19 09:10:34",0.97898,6,marianadeem755
378,15655590,"Mory Adama Dembele","2026-04-20 04:04:52",0.97898,1,moryadamadembele
379,15555557,"Joy Boy","2026-04-14 15:24:07",0.97897,12,arpitsingh2744
380,15625600,"Ishan Bansal","2026-04-21 23:09:06",0.97896,4,ishanbansal1
381,15638415,putiye,"2026-04-23 01:27:43",0.97893,31,putiye
382,15547157,"Matze try","2026-04-05 17:23:14",0.97893,16,matzetry
383,15537326,"Sardor Razikov","2026-04-21 10:44:43",0.97891,9,sardorrazikov
384,15577013,"Peter Findley","2026-04-22 11:45:35",0.97886,31,raist321
385,15536255,Frank_LH,"2026-04-07 10:21:37",0.97885,8,franklh
386,15573628,"Kyung Je Jo","2026-04-20 13:23:13",0.97884,37,kyungjejo
387,15615921,"Daryl Brach","2026-04-19 19:19:18",0.97884,17,dbrach
388,15543042,"MD YUSUF","2026-04-09 02:45:14",0.97884,15,mdyusufmurtaza
389,15555647,"Alejandro Ayestaran","2026-04-08 12:51:10",0.97879,12,alejandroayestaran
390,15527368,"Ikki Katsuyama","2026-04-03 14:09:36",0.97879,17,kacchanwriting
391,15556233,"Aditya Pachpande","2026-04-24 03:31:21",0.97876,15,adityapachpande
392,15700791,Yizhuo,"2026-04-22 18:11:41",0.97875,1,wangyiz
393,15535721,kobby_,"2026-04-23 20:11:54",0.97874,5,sylvesterdalmeida
394,15556942,Zyanide,"2026-04-07 01:47:10",0.97873,15,zyanide
395,15558979,IEEM26_111030038,"2026-04-06 19:29:02",0.97873,6,jameschen1205
396,15527734,ONODERA,"2026-04-07 05:52:35",0.97872,7,onodera
397,15533629,ArnoldRosielle,"2026-04-10 03:19:45",0.97871,26,arosielle
398,15578593,thunder,"2026-04-22 17:18:18",0.97871,41,tkrishnakireeti
399,15535640,IEEM26_112034027,"2026-04-24 11:19:51",0.97867,46,claire62131
400,15527559,"Felix Lin16","2026-04-23 12:31:13",0.97863,36,felixlin16
401,15539460,"Rob Schieber","2026-04-18 02:25:10",0.97861,89,robschieber
402,15601043,UENOKOKI,"2026-04-14 06:23:30",0.97861,1,uenokoki
403,15584632,"RanJeet Gupta","2026-04-14 11:00:46",0.97861,3,ranjeet258
404,15567148,"Dominic D'Apice","2026-04-24 12:43:42",0.97858,31,dominicdapice
405,15679967,"Marcus Henriksboe","2026-04-24 11:59:21",0.97856,10,marcushenriksboe
406,15538200,Tic,"2026-04-23 07:58:34",0.97856,61,taichi7171
407,15591026,あいばらはい,"2026-04-11 12:06:43",0.97855,5,yesloverose
408,15528816,Jordan,"2026-04-21 21:08:18",0.97853,37,extergeist
409,15551499,Yam,"2026-04-23 12:21:57",0.97851,4,minyam
410,15562384,fuji0-0,"2026-04-09 14:52:55",0.97851,21,fuji00
411,15553032,"Kohei Takashina","2026-04-07 11:23:09",0.97848,18,koheitakashina
412,15535176,"Amanie El-Hajj","2026-04-19 18:26:18",0.97847,19,aelhajj
413,15588935,"Yashraj Prasad","2026-04-10 17:06:12",0.97846,7,yashrajprasad
414,15530580,IMIargot,"2026-04-07 20:01:11",0.97843,30,imiargot
415,15527981,"varad vaste","2026-04-24 11:34:17",0.97843,5,varadvaste
416,15529099,IEEM26_111034003,"2026-04-11 16:35:02",0.97839,8,lurayaimonitor
417,15589530,hdsdfq,"2026-04-12 14:44:55",0.97839,9,hdsdfq
418,15566208,"No name","2026-04-06 18:56:54",0.97837,1,benjaminbtang
419,15530082,shion,"2026-04-24 12:48:08",0.97836,26,shion55
420,15531739,"Đào Minh Thuấn 🎖️","2026-04-11 07:08:45",0.97835,5,thuandao
421,15597479,"youssef abukhalifa","2026-04-12 14:14:33",0.97834,11,youssefmo942009
422,15533510,Kangraemin,"2026-04-14 09:04:34",0.97833,16,ramkang
423,15529105,"Rudrendu Paul","2026-04-07 07:27:35",0.97830,14,rudrendupaul
424,15623122,"Akai Red","2026-04-19 04:31:46",0.97829,7,akaired
425,15608243,Александр,"2026-04-21 19:20:09",0.97829,19,alekcandrr
426,15553756,Whogagnik,"2026-04-16 14:02:46",0.97828,10,whogagnik
427,15529386,"Ákos Pintér","2026-04-17 10:01:39",0.97828,163,kospintr
428,15532029,"Claudia Chen","2026-04-21 19:46:08",0.97825,15,claudia1214
429,15553670,"Anuj Verma","2026-04-18 03:54:53",0.97820,7,anujvermamarch
430,15527831,"Andreas Anagnostatos","2026-04-22 23:19:48",0.97818,17,andreasanagnostatos
431,15559131,ZE-S-Y,"2026-04-07 14:14:57",0.97818,9,yangzshi68
432,15615848,"nai long and chase flow","2026-04-24 10:59:06",0.97818,5,"chaseflow,nailong121"
433,15613519,"Al Sayed Hoota","2026-04-14 09:22:17",0.97812,4,alsayedhoota
434,15545097,Chiba0lejiushu1,"2026-04-23 15:56:01",0.97812,2,chibaolejiushui
435,15530548,StudyExchange,"2026-04-23 07:10:32",0.97810,20,studyexchange
436,15531815,"Onur Koç","2026-04-01 21:54:57",0.97810,7,onurkoc92
437,15635876,"Quick Reserve","2026-04-17 06:55:26",0.97807,1,quickreserve
438,15539955,"Abhilash Arya","2026-04-16 08:43:49",0.97806,22,bknabhilasharya
439,15575280,ximuuu,"2026-04-09 07:44:30",0.97806,1,ximuuu
440,15532645,"Collin hoag","2026-04-18 20:33:50",0.97805,7,collinhoag
441,15548349,"Mukul Ghai","2026-04-03 14:32:34",0.97803,1,mukulghai
442,15538009,"Mohan Dubey","2026-04-22 00:13:27",0.97802,4,taricho
443,15602582,usmankhanwork,"2026-04-12 12:11:04",0.97802,1,usmankhanwork
444,15549781,"Michael Day","2026-04-16 18:51:53",0.97799,31,michaelday99
445,15560122,"Felipe Guimarães de Brito Costa Moreira","2026-04-17 02:06:17",0.97797,39,felipe0365
446,15539228,"Kodai Fukuda","2026-04-24 07:29:27",0.97796,46,kodaifukuda0311
447,15529261,jalalj,"2026-04-15 07:46:28",0.97796,20,jalalj
448,15535499,AidenSong123,"2026-04-03 01:26:48",0.97796,6,aidensong123
449,15527222,"Naqi Naqvi","2026-04-07 23:05:45",0.97795,18,hypoxiic
450,15544630,"CHARLES LEE","2026-04-10 06:22:54",0.97792,8,cwlee1124
451,15539486,"Azizbek Xasanov","2026-04-05 17:20:57",0.97792,1,azizbekxasanov
452,15538533,"Natpaphon Nukhunthod","2026-04-07 12:10:44",0.97791,9,natpaphonnukhunthod
453,15530026,"Akafi hirsi","2026-04-22 14:39:38",0.97791,35,akafihirsi
454,15539249,"Robiul Hasan Jisan","2026-04-03 04:20:44",0.97789,3,robiulhasanjisan
455,15550269,"Mya diamond ","2026-04-11 15:43:16",0.97789,32,myadiamond
456,15617657,Jayhawk1900,"2026-04-20 14:41:26",0.97786,14,jayhawk1900
457,15558779,"Jingru(Apple) Chen","2026-04-19 22:55:16",0.97785,26,"jingruapplechen,pclouduwu"
458,15531336,"Hongbin Guokaggle","2026-04-21 00:56:18",0.97785,21,hongbinguokaggle
459,15533481,"Gunjan Jha","2026-04-23 21:55:13",0.97785,24,dokababaa
460,15528125,BahaEddineKsouri,"2026-04-11 14:30:30",0.97785,34,bahaeddineksouri
461,15530714,"khang nguyen","2026-04-03 00:46:51",0.97784,3,niraitoo
462,15528081,yaehana_n,"2026-04-24 05:26:06",0.97782,6,yaehana
463,15540666,"alex chilton","2026-04-03 08:20:42",0.97781,4,alexchilton
464,15527839,"Ali Afzal","2026-04-09 09:47:26",0.97779,25,aliafzal9323
465,15529670,MiSHA256,"2026-04-06 15:41:29",0.97779,8,misha256
466,15651594,"LITTLE WEN","2026-04-21 22:47:25",0.97777,19,littlewen6
467,15529202,"Aryan Kaisth","2026-04-23 15:46:19",0.97771,5,aryankaisth
468,15527554,"Tys TANA","2026-04-24 00:10:13",0.97769,23,tystana
469,15527349,mmath2,"2026-04-08 08:15:34",0.97769,10,mmath2
470,15534958,"Lucas Moraes","2026-04-23 03:39:29",0.97767,69,lucasmoraes001
471,15561827,Jerry,"2026-04-24 12:46:17",0.97765,5,jerry34
472,15529000,"Antonios Malak","2026-04-04 20:34:38",0.97762,2,tonymalak
473,15528900,"Syed Faizan Ali","2026-04-04 18:04:46",0.97761,13,syedfaizanalii
474,15528994,Amordia,"2026-04-02 04:06:57",0.97760,4,amordia
475,15528553,Yash,"2026-04-24 04:24:37",0.97760,30,yashdev01
476,15529857,qiexunzhi,"2026-04-08 14:37:05",0.97756,14,qiexunzhi
477,15664454,"VIKRAM KUSHWAH","2026-04-22 20:48:05",0.97752,3,vikramkushwah
478,15528702,JeffFosterUK,"2026-04-17 18:46:35",0.97748,16,jefffosteruk
479,15545846,"Mumtaz Ahmad Maitla","2026-04-16 16:34:06",0.97744,5,mumtazahmadmaitla
480,15605471,"Mohamed Aymen Bouyahia","2026-04-13 00:15:30",0.97743,1,aymenbouyahia
481,15531497,"Sahil Deogade","2026-04-07 09:03:32",0.97733,9,sdeogade
482,15554617,hzr111,"2026-04-19 03:22:43",0.97729,40,hzr111
483,15527287,Krizalis,"2026-04-12 15:18:58",0.97728,19,"deonissx,prashantlimba"
484,15554946,"hammad ul mustafa","2026-04-20 10:54:09",0.97726,40,hammadulmustafa
485,15530211,earlyann,"2026-04-05 14:01:21",0.97719,12,earlyann
486,15528136,"Igor Burim","2026-04-03 18:22:16",0.97718,2,igorburim
487,15633915,Predictors,"2026-04-18 21:43:41",0.97718,1,"amnariaz22,nazishjaveed"
488,15531676,"Kokila S","2026-04-10 13:19:26",0.97716,30,kokila92
489,15531076,"Tom Eto","2026-04-19 11:53:18",0.97706,6,tometo
490,15608366,AbhishekNandy,"2026-04-23 10:29:18",0.97695,7,abhicloudstalk
491,15596682,"Le Trong Hieu","2026-04-13 02:20:26",0.97695,9,backtracking
492,15530644,"Manas Gowda","2026-04-06 10:54:47",0.97693,27,manasgowda
493,15538381,"Vladimir Demidov","2026-04-20 00:57:57",0.97687,20,yekenot
494,15530674,"Şahin Alp Akosman","2026-04-22 15:37:54",0.97683,19,sahinalpakosman
495,15528708,"Not Real42","2026-04-10 09:37:38",0.97682,25,notreal42
496,15538184,"Pilkwang Kim","2026-04-24 02:58:18",0.97680,33,pilkwang
497,15570857,"ARDA ONAT Acar","2026-04-15 04:44:08",0.97675,16,ardaonatacar
498,15537195,Lamio,"2026-04-03 09:06:57",0.97670,4,lamiong
499,15546189,"Hoang Phuc (K18 HCM)","2026-04-03 17:02:22",0.97665,3,thbdh5765
500,15538154,"Phong Lam","2026-04-02 10:11:59",0.97653,1,phonglmnguynduy
501,15578396,"Katrin Pochtar","2026-04-15 16:40:13",0.97649,1,katrinpochtar
502,15529501,"Batuhan Özdemir","2026-04-01 14:23:40",0.97644,3,iamnotindangerskyler
503,15528926,"University of Luxembourg","2026-04-01 17:40:18",0.97644,8,olaflundstrom
504,15527243,B103,"2026-04-03 12:55:13",0.97644,2,"kobaaba,masayakawamata"
505,15545037,hideaki_mizoue,"2026-04-04 13:07:34",0.97644,1,hideakimizoue
506,15527281,"Seungjun Lee","2026-04-02 21:03:29",0.97632,7,seungjunleeofficial
507,15539620,"Kuba Kościan","2026-04-07 21:00:56",0.97629,18,kubakocian
508,15604936,"Abir Saha","2026-04-23 11:06:37",0.97623,7,abirsaha2307
509,15564378,"Mike Madani","2026-04-23 07:33:51",0.97617,18,mikemadani
510,15633244,h1rame,"2026-04-19 10:17:51",0.97609,9,h1rame
511,15548714,Elmir,"2026-04-13 19:44:25",0.97600,50,obosrish
512,15574708,toodumb,"2026-04-10 07:48:47",0.97598,17,toodumb
513,15536792,WAZADOGDOING,"2026-04-18 15:46:53",0.97597,5,wazadogdoing
514,15534040,たかゆき,"2026-04-20 03:51:16",0.97574,143,takayuki0127
515,15613130,south1234,"2026-04-24 11:15:38",0.97573,16,yotaminami
516,15566647,eavberbwf,"2026-04-18 20:46:32",0.97550,40,eavberbwf
517,15569606,rndtm,"2026-04-24 10:02:33",0.97549,7,tselischevivaniad5
518,15615917,Otto,"2026-04-21 13:26:11",0.97532,11,ottoh1
519,15527837,"Gaurav Dutta","2026-04-21 03:12:18",0.97529,48,gauravduttaiiitb
520,15655113,"Murat A. Genc","2026-04-24 02:39:53",0.97527,19,muratagenc
521,15556842,shane18,"2026-04-12 08:19:29",0.97525,15,shane18
522,15615370,Kagick,"2026-04-24 07:43:17",0.97521,11,kagick
523,15529089,ZAOUI_Yassine,"2026-04-14 21:03:41",0.97520,70,zaouiyassine
524,15631165,"Koki ANDO","2026-04-22 14:41:55",0.97511,4,kokiando
525,15561416,"gh methenni","2026-04-19 09:45:09",0.97509,10,ghmethenni
526,15530720,IEEM26_112030044,"2026-04-24 09:34:45",0.97508,82,redtimeszero
527,15673412,"Erfan Eshratifar","2026-04-24 08:03:38",0.97501,5,erfaneshrati
528,15569920,IEEM26_112034044,"2026-04-23 14:06:52",0.97497,9,cartonyang
529,15598432,"Marsel Eleuterio","2026-04-15 11:17:51",0.97493,12,marseleleuterio
530,15544292,"Pranav Uniyal","2026-04-23 17:33:02",0.97485,82,fall2fire
531,15572671,"Yash Kumar Panjwani","2026-04-17 18:31:30",0.97484,20,yashkumarpanjwani
532,15656467,"SHENGHUI SONG","2026-04-23 05:34:10",0.97484,11,shenghuisong
533,15650709,Ssssylvie,"2026-04-24 09:05:43",0.97476,27,ssssylvie
534,15529083,IEEM26_112034052,"2026-04-24 11:26:06",0.97476,30,sylvie23
535,15530088,cheese,"2026-04-08 18:20:59",0.97475,32,w96j0bp6
536,15532865,"Soumyadip Sikdar","2026-04-17 19:41:17",0.97462,12,soumyadipsikdar
537,15552639,"Soumodip Dey","2026-04-16 17:08:56",0.97460,26,soumodipdey
538,15584626,Takataka777,"2026-04-15 12:23:54",0.97459,6,takataka777
539,15561142,"Siddhesh Sathe","2026-04-11 12:39:34",0.97458,7,sidcodegg
540,15527253,"Trish Cornelissen","2026-04-23 13:06:33",0.97452,109,tcspecialist
541,15547759,"TIRTH MEHTA123","2026-04-03 13:30:25",0.97444,1,tirthmehta123
542,15528945,"vivek giri","2026-04-10 14:17:07",0.97444,13,vivek7557
543,15617818,"David Arias","2026-04-19 17:41:46",0.97444,9,beta3logic
544,15531840,mmasato,"2026-04-19 09:06:02",0.97440,21,mizogakimasato
545,15528711,"Tsuna Mazda","2026-04-14 08:49:14",0.97438,22,tsunamazda
546,15572281,xFlilax,"2026-04-11 13:45:08",0.97437,4,xflilax
547,15527610,"Amritanshu Kumar Singh","2026-04-11 15:39:26",0.97437,8,amritanshukush
548,15527758,oliver,"2026-04-23 18:34:59",0.97428,42,oliverlang
549,15549059,utsav-develops,"2026-04-08 16:01:49",0.97420,20,utsavdevelops
550,15551301,yl_wang18,"2026-04-11 15:45:52",0.97419,4,ylwang18
551,15541993,"Saharsh Maddi","2026-04-21 15:13:49",0.97418,1,saharshmaddi
552,15530960,"Nandana Rathnayaka","2026-04-04 08:39:52",0.97418,9,nandanarathnayaka
553,15536978,"Jun Zhang","2026-04-10 09:52:04",0.97407,15,leftr1ght
554,15563749,"Masa A","2026-04-09 07:50:35",0.97402,5,masaao0817
555,15531641,我是刘大聪,"2026-04-03 07:16:35",0.97401,4,smartorz
556,15581667,kroffske,"2026-04-11 18:09:03",0.97399,2,theraff
557,15528569,"Alibay Alili","2026-04-21 13:22:55",0.97394,26,alibay
558,15646939,"Chica Chan","2026-04-19 15:35:29",0.97393,4,chicachan
559,15527492,Shailesh,"2026-04-18 12:42:42",0.97390,4,shailesh5430
560,15546774,Koikoiiinami,"2026-04-23 11:20:53",0.97389,3,koikoiiinami
561,15550753,MrFishPL,"2026-04-07 16:16:52",0.97385,24,mrfishpl
562,15729817,"Adam Vajda","2026-04-24 11:04:32",0.97385,3,vajdad4m
563,15648810,"Likke Mehta","2026-04-19 07:42:03",0.97379,9,likkemehta
564,15529470,DinCaus,"2026-04-24 06:24:53",0.97369,59,dincaus
565,15602614,IEEM26_112030027,"2026-04-18 10:08:57",0.97368,5,ieem26112030027
566,15528193,"vijay thurimella","2026-04-24 12:47:10",0.97365,164,vijaythurimella
567,15606600,hangbin9,"2026-04-24 07:20:14",0.97364,18,hangbin9
568,15538016,TakahiroFukuda,"2026-04-12 01:51:35",0.97363,68,alextfkd
569,15561571,Yuki0853,"2026-04-12 01:07:54",0.97363,7,yuki0853
570,15548658,AbdullahSafwan333,"2026-04-20 13:34:33",0.97361,41,abdullahsafwan333
571,15565168,"⸻AgentZZ ⸻","2026-04-17 21:50:17",0.97359,46,agentzz
572,15598914,Hall4jm,"2026-04-19 19:45:39",0.97353,22,hall4jm
573,15551436,OIer_Cosmos,"2026-04-10 15:38:20",0.97341,4,oiercosmos
574,15721397,gawgawgaw,"2026-04-23 17:23:02",0.97341,2,gawgawgaw
575,15530533,"Cho Royou","2026-04-01 15:13:49",0.97337,1,ngyzly
576,15532290,"Kawthar ELTARR","2026-04-22 13:50:37",0.97336,31,sakuno
577,15533364,feynman,"2026-04-02 01:58:26",0.97331,5,mikeloncaric
578,15675799,Gabous_Johnson,"2026-04-22 22:38:35",0.97328,5,gabousjohnson
579,15537361,"Bulşah Keçici","2026-04-23 18:13:22",0.97322,34,bulsahkecici
580,15571004,DmitriyLeb,"2026-04-14 21:22:05",0.97321,15,dmitriyleb
581,15528644,"Emircan Güneş","2026-04-24 11:02:35",0.97321,16,emircansoftware
582,15591779,"Hunter Boles","2026-04-16 19:42:47",0.97319,6,hunterb9101
583,15550462,kgmuzu,"2026-04-23 12:57:37",0.97318,26,kgmuzu
584,15554843,Owen,"2026-04-21 03:13:59",0.97318,24,owenjkc
585,15547471,"Anila Bukhari","2026-04-23 10:20:59",0.97311,5,anilabukhari
586,15584417,duck3,"2026-04-24 08:31:45",0.97311,19,take0814
587,15574262,"Yong Ming-Jia","2026-04-24 07:08:33",0.97311,22,ymingj
588,15555752,"Ritanshu Prasad","2026-04-07 17:35:15",0.97306,4,ritanshuprasad
589,15660393,"Abdullah Kamran1224","2026-04-24 12:27:28",0.97298,5,abdullahkamran1224
590,15575914,エリシア,"2026-04-17 11:15:55",0.97296,5,elysia090
591,15570995,SkibidiUzbek,"2026-04-21 20:22:21",0.97291,8,dummkopf
592,15598461,Lalalala,"2026-04-23 16:43:12",0.97290,14,chenlinghong
593,15530626,"[Deleted] a30900d7-cf4d-46b2-908f-bcf2639901c1","2026-04-08 10:03:18",0.97284,35,del=8272f442d058e699
594,15697459,cot,"2026-04-23 16:38:12",0.97280,16,"apocania,wuqiaobin"
595,15663924,"Shreyash Wetal","2026-04-22 02:16:53",0.97277,1,shreyashwetal
596,15636594,"Bảo Phan","2026-04-21 02:30:32",0.97274,15,baopv05
597,15528285,Akahachi,"2026-04-24 05:39:38",0.97272,13,wordcards
598,15533066,Norizo90125,"2026-04-18 23:42:07",0.97267,60,norizo90125
599,15529027,Hazem_Yousef_Basel_Kareem,"2026-04-23 18:28:16",0.97264,48,"baselwael56,kareemyasseryy,yousefradwan25"
600,15553817,"Victor Bitu","2026-04-21 22:49:28",0.97263,14,vhbitu
601,15527741,Kasey722,"2026-04-10 01:15:54",0.97263,30,kasey722
602,15538563,HitTmg,"2026-04-24 11:14:16",0.97262,28,hittmg
603,15633776,"Enda O'Shea","2026-04-19 19:13:06",0.97260,4,endaoshea
604,15587535,ZhouRenjie,"2026-04-15 02:04:41",0.97260,15,zhourenjie666
605,15533539,"Meer Moomin","2026-04-13 10:34:37",0.97257,12,meermoomin
606,15597828,"Hardian Lawi","2026-04-12 11:48:29",0.97256,3,hardian
607,15532396,"Sarah Zughyer","2026-04-22 16:20:05",0.97255,27,sarahzughyer
608,15528995,"James  N Robertson","2026-04-05 22:17:04",0.97254,12,jamesnrobertson
609,15592966,"VISHAL KUMAR","2026-04-18 22:14:16",0.97252,2,vk2245
610,15579780,OLanreO,"2026-04-21 19:58:06",0.97251,7,olanreo
611,15557261,Araki.rw,"2026-04-15 07:50:00",0.97250,3,arakirw
612,15603617,"保安司令官 小将 全斗焕","2026-04-17 12:30:08",0.97249,7,legeia
613,15528722,600887-ธรรมนูญ,"2026-04-03 02:20:23",0.97249,9,suimmy
614,15538954,Yunioshi,"2026-04-12 13:26:19",0.97247,27,yunioshi
615,15530880,"Djenk Ivanov","2026-04-16 17:08:12",0.97246,25,djenkivanov
616,15614817,"Asadullah Baig","2026-04-15 08:31:31",0.97246,3,asadullahbeg
617,15539074,"Josh S","2026-04-24 01:57:15",0.97246,8,jsinamo
618,15532855,a3amaT02,"2026-04-23 21:24:43",0.97245,41,a3amat02
619,15639211,IEEM26_112034005,"2026-04-24 07:50:53",0.97243,9,lin112034005
620,15613255,zantetsu,"2026-04-24 09:42:35",0.97242,51,zantetsu
621,15562676,"yf D","2026-04-06 04:38:45",0.97241,3,dengvitruviano
622,15576262,"mw xie653","2026-04-24 05:02:28",0.97241,125,mwxie653
623,15644696,AlexandeWhite912,"2026-04-24 06:02:35",0.97241,59,alexandewhite912
624,15559030,IEEM26_112034019,"2026-04-23 16:37:01",0.97240,16,gaysonorthotdaughter
625,15607924,"Ritsuki Nakahara","2026-04-14 07:32:51",0.97239,6,yutori2002
626,15544537,"Bunyamin Akin","2026-04-11 13:27:52",0.97236,7,bunyaminakin
627,15598535,"Ярослав Третьяк","2026-04-22 03:47:48",0.97231,36,berch123
628,15537852,"Furkan Pirinc","2026-04-03 08:23:09",0.97231,5,fpirinc
629,15533973,"David Guzzi","2026-04-07 22:48:05",0.97228,2,davidguzzi
630,15650962,Joetik,"2026-04-24 10:40:56",0.97226,5,joetik
631,15585392,"Christophe Dagorn","2026-04-19 09:05:56",0.97221,32,christophedagorn
632,15606464,"Lalit sonawane","2026-04-14 14:16:28",0.97216,1,lalit7881
633,15595334,HinaChanLove,"2026-04-11 09:29:09",0.97216,8,hinachanlove
634,15644849,jackson,"2026-04-24 04:07:37",0.97215,60,jackson653
635,15532875,"Rishiraj Acharya","2026-04-07 10:58:04",0.97214,2,rishirajacharya
636,15535641,diegolaio,"2026-04-10 10:28:05",0.97211,12,diegolaio
637,15553980,"Jeremiah Adebayo","2026-04-21 21:45:55",0.97204,15,codehashira
638,15564125,"Max Arefev","2026-04-24 05:22:10",0.97204,51,maxaref
639,15527307,"Anim Samuel K.","2026-04-18 15:34:57",0.97202,5,animsamuelk
640,15634046,Robin,"2026-04-20 16:43:51",0.97201,2,robin2004031
641,15531866,"Michal Mucha","2026-04-08 18:58:47",0.97201,1,generalcube
642,15611983,"666 lilac (‪ライラック‬)","2026-04-15 21:21:44",0.97199,6,syringa
643,15531890,"Stephen Tarter","2026-04-11 20:53:26",0.97196,12,stephentarter
644,15637716,junlin.huang,"2026-04-24 03:51:02",0.97196,3,huangjl
645,15527701,"Alexander Biller","2026-04-23 04:13:32",0.97195,47,alexandrbiller
646,15547407,LearningRate0,"2026-04-11 14:25:04",0.97195,14,laxmansharma
647,15532792,haukesteffen,"2026-04-19 12:24:12",0.97194,11,haukesteffen
648,15566858,"Fazlay Rabbi Masum","2026-04-10 21:22:11",0.97194,8,fazlayrabbimasum
649,15578994,"Gerar Del Toro","2026-04-11 04:20:02",0.97193,2,gerardeltoro
650,15542543,"Dmitrii Prokhorov","2026-04-07 12:14:28",0.97190,5,dmitriiprokhorov
651,15527915,Tom8710,"2026-04-20 20:38:21",0.97190,68,tomactlog
652,15527556,Herohito,"2026-04-10 23:21:58",0.97190,8,aangphurba
653,15579191,"Mihir Argulkar","2026-04-08 19:50:40",0.97187,1,mihirargulkar
654,15528924,PleaseEnterText,"2026-04-23 03:26:34",0.97186,17,"jollyxenon,yoicanshan"
655,15538641,Barbagrande007,"2026-04-22 20:33:40",0.97183,18,barbagrande007
656,15530123,"Michael Y. Qiu","2026-04-08 04:37:46",0.97182,13,michaelqiu0606
657,15530049,Ottitsch-claw,"2026-04-08 19:26:52",0.97182,8,ottitsch
658,15613296,サポタン,"2026-04-24 09:14:01",0.97181,50,sapotan
659,15570749,fsb2210,"2026-04-24 12:25:51",0.97179,31,fsb2210
660,15582967,Tomoki,"2026-04-10 12:16:49",0.97178,5,mikantomoki
661,15572580,dataWr3cker,"2026-04-10 05:48:24",0.97178,9,gourabr0y555
662,15602489,徐智大王,"2026-04-17 22:23:06",0.97176,10,"moooyuan,xz666666"
663,15724828,"k240710 Syeda Samana Zehra Rizvi","2026-04-24 09:53:13",0.97175,10,samanazehra
664,15572637,"Francesco N.","2026-04-11 08:26:30",0.97173,15,y99dr4s1ll
665,15611686,AlcoholCat,"2026-04-21 16:04:03",0.97172,44,alcoholcat
666,15539509,myai,"2026-04-07 19:44:29",0.97168,5,bigchungus3
667,15528590,AlexandeWhite,"2026-04-24 03:29:27",0.97166,153,alexandewhite
668,15527376,NatSwamin,"2026-04-01 12:47:05",0.97166,3,natswamin
669,15527316,Kizabgd,"2026-04-23 15:04:31",0.97160,98,kiza123123
670,15591965,"Gaiska Salomon","2026-04-24 12:30:46",0.97160,3,stellardev
671,15670318,"Siarhei T","2026-04-22 20:09:13",0.97159,11,sergeyfedatsenka
672,15650194,"Masashi Onda","2026-04-22 05:37:33",0.97159,12,masashionda
673,15579051,classic-maths,"2026-04-14 11:51:50",0.97159,11,classicmaths
674,15528323,"Rohit Kumar #2","2026-04-14 16:17:56",0.97157,22,"kajalk136,rohit4468"
675,15550867,"Declan Hilfers","2026-04-21 01:16:16",0.97155,4,declanhilfers1
676,15671241,IEEM26_112034026,"2026-04-24 11:17:50",0.97151,12,yyyy112
677,15601833,"Kritika Benjwal","2026-04-14 10:11:47",0.97151,4,kritikabenjwal
678,15622206,"Hồ Tuấn Khôi","2026-04-15 15:41:25",0.97151,4,htunkhi
679,15604531,"Denys Vivdenko","2026-04-23 23:13:33",0.97150,2,kaggledenysvivdenko
680,15629715,"denis kashulin","2026-04-23 09:05:42",0.97145,57,deniskashulin
681,15590752,"Parth Zadeshwariya","2026-04-12 11:49:02",0.97143,7,parthzadeshwariya
682,15607581,CUHKLHT,"2026-04-17 06:07:23",0.97143,18,cuhklht
683,15707831,TRex9527,"2026-04-23 20:21:49",0.97143,4,trex9527
684,15559235,"yusuf emre","2026-04-08 15:59:56",0.97141,11,yusufemre1
685,15543103,"Ali Shahi","2026-04-19 12:02:39",0.97140,12,k1shahi
686,15529043,ilethe,"2026-04-04 16:13:42",0.97140,4,ilethe
687,15555594,JordyDavel,"2026-04-06 00:42:03",0.97137,8,jordydavel
688,15533377,zenlife711,"2026-04-24 03:51:32",0.97135,2,zenlife711
689,15589768,"JIAPENG LI","2026-04-14 03:21:42",0.97132,16,jiapengli1
690,15532316,"Pranav Batra","2026-04-07 20:25:31",0.97130,10,cheeser101
691,15643063,"Fanis Kazio","2026-04-24 03:01:58",0.97129,8,faniskazio
692,15538151,"Julien Heiduk","2026-04-02 19:38:56",0.97126,2,zoupet
693,15553486,IEEM_112034051,"2026-04-18 03:17:16",0.97125,43,linshangyan
694,15545946,"Pranjal Jain","2026-04-24 12:11:56",0.97124,54,jainpranjal21
695,15539193,"Mr Li","2026-04-16 11:55:02",0.97124,17,mrli55
696,15543661,MachineLearningWho,"2026-04-13 03:54:01",0.97123,21,machinelearningwho
697,15558648,Sudhanshu,"2026-04-13 09:52:32",0.97123,21,theallkeeeymist
698,15629408,"md farhaan akhtar","2026-04-22 17:29:56",0.97123,12,mdfarhaanakhtar
699,15545413,"Harsh Bhullar","2026-04-16 15:50:26",0.97122,11,harshbhullar
700,15596618,Vandit,"2026-04-21 15:43:06",0.97122,5,vandittyagi0909
701,15619576,IEEM26_112034046,"2026-04-23 14:06:45",0.97120,33,wuwenchen112034046
702,15582145,"Tuomas Kuusisto","2026-04-14 07:59:08",0.97120,12,kuusistotuomas
703,15560590,"Shantanu Chopra","2026-04-12 18:10:29",0.97120,1,shanchp
704,15527679,"Alvin Li","2026-04-02 15:44:27",0.97120,14,alvinli0412
705,15579904,"Alan Daleth Hernández Barreto","2026-04-10 09:00:48",0.97119,3,dlthhb
706,15536174,"Yuta Shimizu","2026-04-12 07:02:32",0.97118,13,shimibrian
707,15540416,"KEERTHI LAZARUS","2026-04-24 03:52:29",0.97118,160,keerthilazarus
708,15586329,Monish,"2026-04-10 04:45:47",0.97118,1,monishraj50
709,15527399,miyu.k1aras@gmail.com,"2026-04-24 10:23:25",0.97115,81,miyuk1arasgmailcom
710,15558638,Isha,"2026-04-23 18:47:29",0.97112,14,aarohi20
711,15552103,"Prabhat Agnihotri","2026-04-16 12:14:38",0.97111,24,pls1999
712,15533726,"Adrián Infantes","2026-04-20 16:43:38",0.97111,8,adrininfantesromero
713,15532216,"kritik gianta","2026-04-23 12:48:25",0.97110,15,kritikgianta
714,15553849,Rohitt_94,"2026-04-18 16:17:41",0.97108,4,rohitt94
715,15532299,llorenzo,"2026-04-22 18:20:55",0.97107,12,llorenzok
716,15549793,raghvv,"2026-04-24 10:10:53",0.97106,27,"alanjoy538,raghvv"
717,15528545,"Suvadip Chakraborty","2026-04-23 23:38:38",0.97106,17,suvadipchakraborty
718,15548267,s22990038,"2026-04-22 11:42:10",0.97106,29,s22990038
719,15539673,"Asif Zaman","2026-04-04 13:15:58",0.97105,2,asifxzaman
720,15553718,ilovez,"2026-04-07 11:46:02",0.97105,13,ducknf
721,15615684,"Runtime Slayers","2026-04-24 07:45:30",0.97105,26,"brr1154,muthuramanraman7"
722,15665109,IEEM26_112034014,"2026-04-23 09:45:25",0.97103,8,tsaohsuanyu
723,15618642,"Ricardo Weder","2026-04-23 20:13:13",0.97103,22,ricardoweder
724,15607964,"Nathaniel McPherson","2026-04-14 01:58:30",0.97102,7,nathanielmcpherson
725,15529249,"Claire de Badts","2026-04-14 11:51:36",0.97099,2,clairedebadts
726,15574062,"Jeffrey Wong","2026-04-17 12:19:30",0.97098,1,flameblade05
727,15554116,"Harshad Hemant Patil","2026-04-22 18:48:51",0.97097,15,harshadhemantpatil
728,15528781,"Tudor Beloiu","2026-04-06 15:49:42",0.97092,15,tudorbeloiu
729,15638574,"Leyi Chen","2026-04-23 12:29:24",0.97091,4,leyi021140
730,15658194,squiffer9,"2026-04-22 12:37:59",0.97090,8,squiffer9
731,15583978,"HARI GOVIND J","2026-04-23 05:33:47",0.97089,14,harigovindj3
732,15709865,Ajay_494,"2026-04-23 10:54:30",0.97089,1,ajay494
733,15543570,"Bryson Ng","2026-04-23 15:09:16",0.97089,23,djsksbrbf
734,15555174,"SUMERU ZOO","2026-04-19 02:00:01",0.97089,57,jieziyuan
735,15528742,"Kemal Musab Dayioglu","2026-04-21 15:51:28",0.97088,29,kemalmusabdayioglu
736,15606555,"Jenish Paudel","2026-04-17 08:58:26",0.97088,10,amjenish
737,15530578,"Sergey Belov","2026-04-17 07:26:57",0.97088,52,exelero
738,15651975,K.Nagase,"2026-04-23 00:11:04",0.97084,4,kntkjtr
739,15538369,masahiro,"2026-04-06 01:00:44",0.97081,6,masakane
740,15650217,Keisuke_kaggle,"2026-04-21 14:08:08",0.97080,7,keisukekaggle
741,15530210,kansyo,"2026-04-12 09:09:35",0.97076,3,kansyo
742,15624834,uitsnf,"2026-04-18 06:21:38",0.97076,10,uitsnf
743,15703834,Ricardoriveroh,"2026-04-23 04:09:12",0.97076,3,ricardoriveroh
744,15528364,"Adwait Tagalpallewar","2026-04-10 07:00:57",0.97075,12,adwaittagalpallewar
745,15648208,"Martin Szerment","2026-04-19 19:29:59",0.97071,8,martinszerment
746,15630633,"Jeff Zhang Dai","2026-04-16 16:11:23",0.97071,3,jeffzhangdai
747,15530615,"Ayse Payci","2026-04-03 11:22:22",0.97071,13,ayepayc
748,15579055,"Yousef Sameh #2","2026-04-20 05:31:49",0.97070,5,yousefssameh
749,15629795,baimengo,"2026-04-19 05:53:19",0.97069,23,baimengo
750,15538173,"Nick Katsarelas","2026-04-19 23:18:06",0.97065,11,nickkatsarelas
751,15637104,"Nikola Capan","2026-04-19 16:45:20",0.97064,1,nikolacapan
752,15609747,Akritas,"2026-04-22 13:32:18",0.97061,3,akritas
753,15561510,"James Mugabo","2026-04-06 02:09:47",0.97061,8,jamesmugabo
754,15529644,OG0001,"2026-04-01 13:43:26",0.97060,3,og0001
755,15539149,protects-lab,"2026-04-12 12:13:11",0.97060,8,protectslab
756,15641645,"HIROTSUGU AZUKIZAWA","2026-04-18 00:05:15",0.97059,1,hirotsuguazukizawa
757,15528809,"Phương Thế Sơn","2026-04-10 06:03:36",0.97057,7,phuongtheson
758,15647089,wheelbro,"2026-04-20 16:35:07",0.97057,1,generativist
759,15689710,Ricky_6771,"2026-04-22 09:44:16",0.97056,2,ricky6771
760,15594424,"ham chicchi ","2026-04-11 12:18:02",0.97055,3,hamchicchi
761,15563484,"Siddhu Jaykay","2026-04-06 09:39:50",0.97054,4,siddhujaykay
762,15578944,ckreed12,"2026-04-23 21:42:00",0.97054,11,ckreed12
763,15528720,CYT,"2026-04-11 17:45:24",0.97053,6,cynthiachiucyt
764,15566699,Sukhminder,"2026-04-13 21:32:57",0.97052,2,gghhjjkk
765,15528242,"William Catt","2026-04-09 03:01:14",0.97051,15,willcatt
766,15614544,ryokiti,"2026-04-23 12:27:15",0.97050,27,ryokiti
767,15567489,nmh12345,"2026-04-09 05:36:13",0.97050,2,nmh12345
768,15537061,"which cheng","2026-04-16 14:20:07",0.97049,6,whichcheng
769,15574974,"Carlos Valderrama","2026-04-10 10:34:17",0.97049,1,karuloos
770,15528880,"Corentin Jay","2026-04-21 07:17:54",0.97045,4,corentinjay
771,15634478,"Kimen M","2026-04-23 06:37:17",0.97045,29,kimenm
772,15689693,teascript,"2026-04-23 06:12:45",0.97044,9,mciaramitaro
773,15648781,"Ivan Arreola","2026-04-20 02:43:12",0.97044,2,ivanarreola
774,15565820,Thiyo,"2026-04-23 14:41:31",0.97042,11,thimirajayasekara
775,15578245,"Lv Haoda","2026-04-12 04:25:04",0.97041,2,bluelung
776,15529485,minhmouse,"2026-04-09 09:14:32",0.97040,5,minhmouse
777,15536026,Aryan_negi93,"2026-04-16 13:08:59",0.97040,9,aryannegi93
778,15574025,"Anselm Adrian","2026-04-12 10:35:49",0.97039,18,anselmadrian
779,15539846,"Роман Суханов","2026-04-16 15:17:13",0.97039,17,rmkaaaa
780,15549337,"Mark Lester","2026-04-03 17:13:43",0.97039,1,markeymark03
781,15531144,"Erwin Huizenga","2026-04-22 06:19:56",0.97038,98,erwinh
782,15556689,y.k.,"2026-04-06 07:26:39",0.97033,8,yuki0416ui
783,15614168,dmnbnc,"2026-04-16 14:07:43",0.97033,6,dmnbnc
784,15527239,Jisei_Asakura,"2026-04-23 10:10:26",0.97032,41,jiseiasakura
785,15531750,"Ryan McGreevy","2026-04-23 17:30:09",0.97031,34,ryanmcgreevy
786,15614931,Imrankhan,"2026-04-24 05:05:08",0.97031,5,imrancoder786
787,15530063,"Vishesh Banna","2026-04-01 16:06:00",0.97030,1,visheshbanna
788,15577648,"Danny Coveney","2026-04-16 21:32:43",0.97028,9,w016dtc
789,15652038,md01,"2026-04-22 19:16:40",0.97028,15,mode01
790,15530833,"Shubham Vishwakarma","2026-04-23 14:30:41",0.97025,22,rayuga2503
791,15549313,"Alexander Zaretzki","2026-04-08 23:44:23",0.97024,10,alexanderzaretzki
792,15531167,Otani_y,"2026-04-03 17:42:17",0.97023,4,otaniy
793,15532599,"Kritik Gianta AI-2023-27","2026-04-21 18:48:51",0.97022,6,kritikgiantaai202327
794,15666562,K240569,"2026-04-24 08:29:35",0.97022,17,k240569fastnu
795,15527412,Bouyan,"2026-04-03 00:51:28",0.97020,6,inouebouya
796,15549937,"Electric Weasle","2026-04-10 04:28:13",0.97020,12,"electricweasle,natehancock"
797,15530862,"YAN JINWEI","2026-04-01 14:12:46",0.97019,2,yanjinwei
798,15528799,"Sunain Dhingra","2026-04-07 11:19:16",0.97019,3,sunaindhingra
799,15529068,"Barkat Ali Arbab","2026-04-07 11:49:09",0.97018,8,barkataliarbab
800,15539667,"Khaled DELLAL","2026-04-15 19:58:23",0.97017,19,dellalkhaled
801,15530094,"YUICHI KAIHATSU","2026-04-21 08:06:34",0.97017,58,yuichikaihatsu
802,15719857,"Tiago Valaski","2026-04-23 20:47:50",0.97015,4,tiagovalaski
803,15529976,"Reman Dey","2026-04-01 09:59:03",0.97015,2,remandey
804,15588523,Conan15,"2026-04-10 12:33:49",0.97015,8,conan15
805,15543612,"Ts. B.","2026-04-24 07:07:10",0.97014,4,tsydenovbair
806,15535256,msheldon32,"2026-04-03 23:36:36",0.97013,7,msheldon32
807,15604986,"Fernando Arizmendi","2026-04-24 02:09:37",0.97012,7,ferariz
808,15693642,"Harsh Dhandha","2026-04-23 10:32:58",0.97012,4,dhandhaharsh
809,15613491,"Kumar Rishap","2026-04-14 07:16:47",0.97011,1,kumarrishap
810,15550509,"Brisa Marina","2026-04-05 00:42:16",0.97011,2,brisamarina
811,15568114,IGpig1226,"2026-04-07 10:51:05",0.97011,6,igpig1226
812,15551179,kazkod,"2026-04-04 05:31:23",0.97011,1,kazkod
813,15653871,theWayIAm,"2026-04-24 11:42:56",0.97010,17,thewayiam
814,15631156,xZ8LmQ,"2026-04-20 14:26:24",0.97010,2,xz8lmq
815,15530169,"İlkay Uyanık","2026-04-08 15:01:24",0.97009,4,"erdemerzurumlu,lkayuyank"
816,15528484,IEEM26_112034053,"2026-04-23 12:22:13",0.97008,39,hyt804
817,15596679,IEEM26_112034036,"2026-04-24 11:23:35",0.97008,6,hsinyu3436
818,15699760,Kutlay07,"2026-04-23 11:22:34",0.97007,3,kutlay07
819,15529596,yanis_lou,"2026-04-02 23:37:59",0.97007,18,yanislou
820,15601184,"Mehar Shan Ali","2026-04-12 10:02:36",0.97006,2,meharshanali
821,15579641,Secondary_quota,"2026-04-08 23:16:46",0.97006,5,secondaryquota
822,15558666,"Shravan Chandra","2026-04-06 04:53:20",0.97005,3,shravnchandr
823,15586058,"Svetlana Shevtsova","2026-04-18 19:07:14",0.97003,19,svetlanashevtsova
824,15614712,seoku,"2026-04-20 07:55:27",0.97003,11,seokulee
825,15589031,Jennifer,"2026-04-12 07:38:24",0.97001,9,c181120m
826,15700439,Feintenseven,"2026-04-23 05:38:00",0.97000,2,feintenseven
827,15602088,schanitater,"2026-04-12 10:51:46",0.96999,1,schanitater
828,15567573,"Liam Pickrell","2026-04-09 17:44:27",0.96998,6,liampickrell
829,15561206,"Berkay Özkan","2026-04-10 18:22:03",0.96998,4,berkayzkan
830,15585080,"Manny Gutierrez","2026-04-23 17:20:15",0.96997,84,mannygutierrez
831,15551743,"Chayan Naskar","2026-04-05 10:33:19",0.96995,12,chayannaskar26
832,15546105,"Mirko Caroleo","2026-04-11 12:03:23",0.96994,7,mirkocaroleo
833,15698563,"Conrad Kleykamp","2026-04-23 15:20:53",0.96992,3,conradkleykamp
834,15567882,architsh007,"2026-04-11 19:07:04",0.96992,15,architsh007
835,15528199,RainbowBubble,"2026-04-08 07:53:32",0.96992,25,rainbowbubble
836,15656942,Oners21,"2026-04-20 09:21:02",0.96991,7,oners21
837,15557079,"Oscar Valladares","2026-04-06 02:34:31",0.96990,1,oscarvc2
838,15578288,NashSAMA,"2026-04-14 13:24:45",0.96989,1,nashsama
839,15527261,mcotton,"2026-04-20 19:41:06",0.96986,8,mcotton
840,15527377,Naoyas418,"2026-04-10 08:49:54",0.96983,2,naoyas418
841,15580832,HamHyeok,"2026-04-14 01:13:48",0.96983,2,hamseunghyeok
842,15562354,hhuanghhao,"2026-04-14 15:37:25",0.96983,17,hhuanghhao
843,15622339,acyyl,"2026-04-16 20:48:51",0.96980,3,assil22
844,15529488,"Milan Ribel","2026-04-05 14:08:14",0.96978,4,milanribel
845,15580904,"zhang huan@93050","2026-04-20 04:44:45",0.96978,52,zhanghuan93050
846,15528779,Adrimpe,"2026-04-03 07:19:34",0.96976,24,adrianmp
847,15615607,"Ahmed Hassan","2026-04-20 14:26:26",0.96976,15,ahmedhassan01
848,15556605,linze.yu,"2026-04-19 02:40:01",0.96973,15,linzey
849,15663682,sweetxianli,"2026-04-24 12:58:48",0.96972,18,"infinlux,sweetxianli"
850,15565487,SOURAV21,"2026-04-15 07:25:08",0.96972,25,sourav217
851,15576651,Volodymyr,"2026-04-10 08:48:01",0.96969,1,volodymyrpasichnyi
852,15618126,"Milos Plavsic","2026-04-15 23:48:49",0.96968,6,milosplavsic
853,15595243,zwjjoy94,"2026-04-19 15:47:01",0.96968,18,zwjjoy94
854,15556310,"Erfan Amirfallah","2026-04-23 08:57:37",0.96967,14,erfanamirfallah
855,15531058,"Naruto Uzumaki","2026-04-03 09:04:12",0.96966,12,narutohinata106
856,15556287,#Mohar,"2026-04-07 08:47:03",0.96963,13,harshad317
857,15695134,"Nav N","2026-04-23 19:26:23",0.96961,12,navidata
858,15729664,"Francis Banda","2026-04-24 12:41:05",0.96961,8,francisbanda
859,15567868,crowofjudgement25,"2026-04-11 08:38:14",0.96961,3,yoonk12
860,15639511,dengyufei,"2026-04-22 16:05:30",0.96959,10,dengyufei666
861,15614110,"Yueheng ZENG","2026-04-16 08:28:20",0.96956,5,yuehengzeng
862,15557734,"Aman Sharma","2026-04-12 08:27:15",0.96956,40,amansharma0031
863,15554276,"Uğur Levent Akaoğlu","2026-04-05 12:47:37",0.96955,10,ugurakaoglu
864,15533081,"Ömer Faruk Tekin","2026-04-06 14:23:10",0.96954,8,faruktekin
865,15531310,Goyomatsu,"2026-04-18 15:08:26",0.96954,2,hirokimori
866,15648124,"Kyle Reid","2026-04-20 20:13:38",0.96953,7,kylereid101
867,15529279,arno,"2026-04-17 12:51:22",0.96952,7,arnogils
868,15662177,"Conan Mael","2026-04-21 12:52:42",0.96951,3,conanmael
869,15648795,vijay9666019317,"2026-04-20 10:20:59",0.96949,2,vijay9666019317
870,15533936,"alex sponsoos","2026-04-09 13:36:56",0.96948,11,alexsponsoos
871,15594040,GuilhermeGoedert,"2026-04-13 01:59:27",0.96947,30,guilhermegoedert
872,15576475,"Pyaaz Kachori","2026-04-12 20:25:15",0.96947,4,"goggle3462,madavparesh,pranayjain627"
873,15589942,Pritimanbala,"2026-04-22 17:23:16",0.96946,5,pritimanbala
874,15554547,"Govind Chauhan","2026-04-18 08:59:44",0.96946,12,govindchauhan109
875,15681747,"Gustavo Quevedo","2026-04-22 00:37:12",0.96945,3,gustavoquevedo94
876,15547267,"Hua Li666666","2026-04-04 08:14:01",0.96944,6,huali666666
877,15671084,kenistry,"2026-04-22 04:12:42",0.96941,5,kenistry
878,15529748,Dmitry,"2026-04-09 02:54:29",0.96941,5,mitek1974
879,15581044,"Satkar sarvankar","2026-04-22 13:08:31",0.96940,3,satkar003
880,15590935,Wendy_Zhou666,"2026-04-11 07:12:32",0.96940,1,wendyzhou666
881,15595237,"Chandan Yadav","2026-04-11 11:22:01",0.96939,1,chandanyadav1
882,15540332,"Himanshu Saini","2026-04-20 13:29:25",0.96936,10,"arjunmahesh09999,himanshu6588,urmikanrar"
883,15659353,Sonali,"2026-04-23 13:23:08",0.96936,1,sonalikanwarrathore
884,15528744,"David C. Langat","2026-04-16 12:05:36",0.96936,15,davidlangatkirui
885,15607865,"okello andrew peters","2026-04-13 13:49:26",0.96935,2,okelloandrewpeters
886,15664856,"Hasan Mujtaba","2026-04-24 10:36:37",0.96934,16,hasanm27
887,15659066,"k240502 Muhammad","2026-04-24 11:01:50",0.96934,9,k240502muhammad
888,15560766,PlanckTime,"2026-04-06 10:28:12",0.96933,1,kosailu
889,15548899,"Michael Simony","2026-04-07 20:47:22",0.96933,6,michaelsimony
890,15612413,Asmit_Kumar,"2026-04-14 03:54:13",0.96932,1,asmitkumar44648
891,15527322,sayak2103,"2026-04-20 10:43:02",0.96930,13,sayak2103
892,15649302,junghwangoh,"2026-04-19 18:49:33",0.96930,2,jgoh00
893,15597586,SawHad,"2026-04-19 23:23:59",0.96929,8,"arizalfirdaus123,neevvv"
894,15530889,law625,"2026-04-01 13:24:13",0.96927,1,law625
895,15529187,Vidushiii,"2026-04-05 18:19:42",0.96927,8,vidushianand09
896,15544395,ghrothlin,"2026-04-09 15:21:30",0.96923,3,ghrothlin
897,15635234,"Erdong Shi","2026-04-22 05:55:25",0.96922,2,erdongshi
898,15624144,"Robert Cruse Jr","2026-04-16 21:52:00",0.96921,5,robertcrusejr
899,15530205,"Appio Neto","2026-04-18 13:44:04",0.96919,10,appioneto
900,15542912,"onion jakie","2026-04-07 09:45:29",0.96919,1,onionjakie
901,15535443,"Takayuki Hayakawa","2026-04-03 05:17:52",0.96917,2,takayukihayakawa
902,15560251,"Phạm Tiến Phát","2026-04-07 17:44:13",0.96917,4,taphere
903,15724025,Hanyuuuuu,"2026-04-24 08:27:04",0.96916,9,hanyuuuuu
904,15568366,chaaakii,"2026-04-07 06:12:16",0.96916,1,chaaakii
905,15532917,HkHk2Prod,"2026-04-21 22:27:09",0.96914,23,hkhk2prod
906,15656743,karttikjangid05,"2026-04-21 15:31:20",0.96914,7,karttikjangid05
907,15631684,BenjBigot,"2026-04-23 11:40:25",0.96913,5,benjbigot
908,15662260,"Easton Sell","2026-04-24 01:17:38",0.96913,22,eastonsell
909,15637231,LittleScallion,"2026-04-20 13:59:57",0.96912,18,littlescallion
910,15545022,Mahsun,"2026-04-14 08:00:27",0.96911,8,mhsn21
911,15531585,ppp_3333,"2026-04-23 18:14:15",0.96908,5,ppp3333
912,15565910,"Puskar Sarkar 25","2026-04-07 13:18:48",0.96908,7,puskarsarkar25
913,15572735,"Kishor J K","2026-04-19 18:45:52",0.96907,7,kishorkonaraddi
914,15539844,"Madni Shaikh","2026-04-19 05:19:50",0.96906,2,madnishaikh
915,15533436,"Yousef Elsonbaty","2026-04-03 21:59:04",0.96905,1,yousefelsonbaty
916,15527347,gabrielsborgees,"2026-04-03 01:59:44",0.96903,5,gabrielsborgees
917,15533287,"Suyash Patil 09","2026-04-04 22:46:18",0.96903,5,suyashpatil09
918,15529344,IEEM26_112034032,"2026-04-17 11:27:44",0.96903,26,ieem26112034032
919,15636961,"Muhamad Alexander","2026-04-18 22:01:23",0.96902,3,herons202
920,15532032,"Stanislav Bochok","2026-04-09 18:19:49",0.96901,7,stanislavbochok
921,15555729,"Abdelrhman Samir ","2026-04-17 13:34:22",0.96899,14,abdelrhmansamir7
922,15647349,"Omar El Miedany","2026-04-18 19:26:46",0.96897,5,omarelmiedany
923,15719242,zope,"2026-04-23 17:34:34",0.96895,2,vish23f3001373
924,15544409,Dave,"2026-04-04 05:56:26",0.96895,4,dave164555
925,15527611,cmasch,"2026-04-04 13:50:49",0.96895,17,cmasch
926,15529472,Beast114514,"2026-04-09 09:02:01",0.96895,15,shironek0
927,15571366,"Muhammad Robith","2026-04-24 07:56:12",0.96894,3,muhammadrobith
928,15656893,kento2002,"2026-04-24 03:43:11",0.96892,12,kento2002
929,15527769,"Omar Faruq","2026-04-20 10:45:25",0.96892,12,stellaromar
930,15553803,"Azer Alekberov","2026-04-14 07:20:58",0.96891,60,azeralekberov
931,15670467,"Ramakrishna Myaka","2026-04-23 20:40:21",0.96890,6,ramakrishnamyaka
932,15537874,Tien-Thinh,"2026-04-08 09:16:24",0.96889,11,tienthinh
933,15529804,kenni,"2026-04-13 17:30:54",0.96889,5,millka
934,15627866,"Ayush Mittal629","2026-04-21 06:39:48",0.96888,4,ayushmittal629
935,15538095,"PRUDHVI TEJA","2026-04-03 12:43:54",0.96888,2,prudhviteja1003
936,15530512,Muhandro,"2026-04-16 09:38:26",0.96888,14,muhandro
937,15540870,"samsul hoque mondal","2026-04-12 04:27:12",0.96887,75,saamhm
938,15542368,MattCremeens,"2026-04-11 10:40:03",0.96886,6,mattcremeens
939,15562139,parkparkhaneul,"2026-04-23 23:10:42",0.96884,23,parkparkhaneul
940,15529987,"Birathiban Thavarajah","2026-04-10 14:28:55",0.96884,10,birathibanthavarajah
941,15554716,IEEM26_112034056,"2026-04-05 15:32:23",0.96883,5,winniening
942,15533319,GarciaJF,"2026-04-07 18:01:04",0.96883,11,garciajf
943,15529522,Kamil,"2026-04-01 11:50:41",0.96883,5,kamilbenkirane
944,15528593,"Sadettin Şamil Verdil","2026-04-19 13:21:15",0.96882,9,sadettinamilverdil
945,15538659,torrreeesss,"2026-04-14 12:30:39",0.96879,2,torrreeesss
946,15538172,"Dhruv Kumar","2026-04-02 11:20:49",0.96878,6,dhruvkumar11
947,15624193,vinampudi,"2026-04-24 00:10:23",0.96874,6,vinampudi
948,15558550,"Acoustic learner 🎸","2026-04-13 16:56:27",0.96873,38,neeldipeshshah
949,15656812,yhaoao,"2026-04-21 09:37:09",0.96873,4,yhaoao
950,15559140,Sravani,"2026-04-24 11:02:10",0.96873,8,ssravani8
951,15529462,Tigerpiotta,"2026-04-17 22:56:45",0.96871,16,tigerpiotta
952,15671520,"Josue Romaric Edou","2026-04-22 18:47:53",0.96871,3,romaricedou
953,15590571,Hylb77,"2026-04-12 13:39:50",0.96870,7,hylb77
954,15570871,"Gary Hess","2026-04-21 17:28:18",0.96870,9,garbo999
955,15593961,"Abby Liu","2026-04-17 19:50:09",0.96868,4,lalaisacat
956,15527815,"Loyal Dog Koro","2026-04-01 10:24:31",0.96867,2,loyaldogkoro
957,15672697,kaggle_account_4353,"2026-04-23 06:06:43",0.96867,8,shrujan123
958,15534976,Aki,"2026-04-23 04:58:49",0.96867,21,akihorikawa
959,15570191,"Dharmik Trivedi","2026-04-08 13:28:41",0.96867,1,dharmiktrivedi09
960,15533488,"Marie Victoire IPOUK","2026-04-01 22:26:00",0.96865,1,marydata
961,15533262,Wasbyy,"2026-04-07 08:35:01",0.96865,7,wasbyy
962,15555791,Psyche,"2026-04-11 05:04:27",0.96863,1,stochasticmuse
963,15543164,HanQinoz,"2026-04-03 08:55:09",0.96863,2,hanqinoz
964,15565600,"Neelanjan Datta","2026-04-08 20:27:51",0.96862,12,"aisheeroychaudhuri,neelanjandatta"
965,15528009,KALmia,"2026-04-22 21:45:47",0.96862,65,kalmia2000
966,15617916,"Daniel Galili","2026-04-16 16:02:05",0.96862,12,danielgalili
967,15592614,"Menna Elshamy","2026-04-23 20:39:38",0.96859,1,mennaelshamy
968,15538875,Artheon,"2026-04-02 15:31:46",0.96859,2,artheon
969,15569176,"chanjie wang","2026-04-15 06:22:38",0.96859,3,chanjiewang
970,15555575,poco34,"2026-04-21 09:23:41",0.96856,8,poco34
971,15528145,"Yinchen Hao","2026-04-06 17:04:33",0.96855,8,yinchenhao233
972,15618127,"Pulkit Kohli","2026-04-16 16:40:46",0.96855,2,babakulhadi
973,15554829,"SK Arin","2026-04-04 16:31:09",0.96854,1,skarin
974,15533194,Joe,"2026-04-06 21:58:37",0.96854,9,josephnehrenz
975,15612612,模块权重,"2026-04-15 09:34:25",0.96851,10,qwer930
976,15645847,"yiman ji","2026-04-18 19:39:33",0.96851,10,yimanji
977,15612156,KanakoS,"2026-04-16 09:36:35",0.96850,9,kanakos
978,15540591,Katze,"2026-04-19 15:33:44",0.96850,3,kckatze
979,15633692,ZeroZeroZero_123,"2026-04-17 08:23:44",0.96850,1,zerozerozero123
980,15529114,Galza98,"2026-04-18 10:20:40",0.96849,7,galza98
981,15671187,"Niels Peter Kroon","2026-04-24 09:10:34",0.96849,13,nielspeterkroon27
982,15527555,"KOUSHIK KUMAR DINDA","2026-04-19 11:06:41",0.96849,12,koushikkumardinda
983,15660786,"Canberk ","2026-04-21 23:11:13",0.96849,2,kralathena
984,15585804,Fl1nixxx,"2026-04-09 22:34:33",0.96848,9,fl1nixxx
985,15569896,"Amit Behura","2026-04-11 07:08:39",0.96848,37,amitbehura2
986,15530222,PavelBezzub,"2026-04-02 05:53:29",0.96846,10,pavelbezzub
987,15673205," Saad Khan Ghori","2026-04-23 18:54:55",0.96844,6,saadkhanghori
988,15530543,Sofia_Gilka,"2026-04-06 22:23:16",0.96844,14,sofiagilka
989,15527474,"Jim Gruman","2026-04-10 02:47:13",0.96844,17,jimgruman
990,15549334,"Ricardo Serrano","2026-04-06 20:42:25",0.96843,7,ricardoserranofdz
991,15541459,"Mamadou DIOUF","2026-04-15 22:24:28",0.96843,27,mamadoudioufy7
992,15612478,Saswotsaswot,"2026-04-17 07:48:01",0.96842,2,saswotsaswot
993,15547473,marco_mars,"2026-04-18 15:22:53",0.96842,5,marcomars
994,15548052,"Tamar Azriel","2026-04-17 14:43:57",0.96840,9,tamarazriel
995,15606996,RMCabato,"2026-04-23 03:07:29",0.96839,16,rmcabato
996,15553375,"Hamza Zaroual","2026-04-11 10:18:44",0.96838,13,hamzazaroual
997,15595003,"Ragul Pazhamalai","2026-04-19 05:54:53",0.96838,4,ragulpazhamalai1997
998,15530262,"SHUBH SETH","2026-04-23 18:25:08",0.96836,27,sethshubh
999,15539229,"Gizem N.","2026-04-22 21:28:15",0.96835,14,gizemnalbantarslan
1000,15619559,"Xavier Xu X2","2026-04-15 22:35:36",0.96835,3,xavierxux2
1001,15558468,UOM_230123K,"2026-04-07 01:02:36",0.96835,2,uom230123k
1002,15560544,"Harsh Shinde","2026-04-06 07:15:11",0.96834,2,harshshinde8
1003,15571983,"Vlad Kapitsa","2026-04-07 19:00:55",0.96834,6,vladkapitsa
1004,15586475,"Sydney Lien Thompson","2026-04-23 18:33:57",0.96833,4,sydneylienthompson
1005,15533638,nevroHelios,"2026-04-02 20:03:03",0.96833,9,"nevrohelios,realrudraa"
1006,15530194,"Ahmed Hammad01","2026-04-01 14:38:16",0.96833,6,ahmedhammad01
1007,15693397,小小去力,"2026-04-24 07:42:52",0.96833,16,jyoung11
1008,15533032,Nishuxf,"2026-04-10 06:28:00",0.96832,9,nishu65
1009,15699780,"Clébio Júnior","2026-04-24 01:28:16",0.96832,2,juniorcl
1010,15573410,Mamun@1234,"2026-04-09 16:55:31",0.96832,8,mamun1234
1011,15531804,Michael_Hood0,"2026-04-16 20:15:50",0.96830,4,michaelhood0
1012,15605098,"Amrit Dhillon","2026-04-23 06:32:13",0.96830,4,therealbigturtle13
1013,15590610,"Hironobu Higuchi","2026-04-19 05:31:30",0.96830,11,hironobuhiguchi
1014,15567759,"XUANHENG CHEN","2026-04-07 09:38:27",0.96829,8,xuanhengchen
1015,15542369,"Edison Jiang","2026-04-18 23:56:57",0.96827,3,edisonjiang67
1016,15649730,"Mahesh Munnuru","2026-04-19 07:29:09",0.96826,1,maheshmunnuru
1017,15645941,harry_pro_data,"2026-04-23 18:40:37",0.96825,3,harryprodata
1018,15527263,"John Kihoro","2026-04-12 08:26:59",0.96824,9,johnkihoro
1019,15606914,"Bryan D","2026-04-20 14:49:10",0.96824,9,mstsvgram
1020,15708930,Akıner,"2026-04-23 12:56:56",0.96824,10,akiner
1021,15604390,donya_beh,"2026-04-22 14:41:11",0.96822,4,donyabeh
1022,15554663,"Raja T","2026-04-14 16:53:37",0.96821,3,rajathiagaraj
1023,15555671,"Arun Surendranath","2026-04-12 04:12:21",0.96821,3,nat011
1024,15704323,"Kun Zhang","2026-04-23 05:46:54",0.96820,10,beicicc
1025,15596823,"Rahul sodhi","2026-04-12 21:20:34",0.96820,3,rahulsodhi
1026,15536563,DugnKon,"2026-04-11 12:48:37",0.96820,8,damdung2005
1027,15607008,AK2137O9,"2026-04-24 02:37:22",0.96820,6,ak2137o9
1028,15554983,Vaasu0501,"2026-04-04 15:17:50",0.96819,1,vaasu0501
1029,15560729,reasonable_ad,"2026-04-16 21:09:16",0.96819,1,reasonablead
1030,15528800,"OJO EMMANUEL","2026-04-23 14:24:53",0.96818,5,ojoemmanuelnifemi
1031,15650476,"XINYI LI","2026-04-19 10:48:15",0.96818,1,xinyili041102
1032,15622336,"Chmarachosy: Noxlip","2026-04-18 19:33:45",0.96818,6,noxlip
1033,15578256,pieego,"2026-04-21 20:00:03",0.96817,1,pieego
1034,15543160,fcylyn,"2026-04-24 08:57:16",0.96817,16,"fcylyn,niaylyn"
1035,15664974,"S. Mujtaba Hussain","2026-04-23 12:04:51",0.96815,3,smujtabahussain
1036,15658869,AgroPredictors,"2026-04-23 23:21:04",0.96814,11,"abhinavrajxd1,yashtryinghisbest,yashwanthreddyguduru"
1037,15577699,mueezuddin,"2026-04-24 10:40:27",0.96814,16,mueezuddin
1038,15647323,"Jimmy Duncan","2026-04-20 16:17:52",0.96813,19,jimmyduncan01
1039,15578546,mahmoud_zakeer,"2026-04-12 11:38:28",0.96812,12,mahmoudzakeer
1040,15527232,PhalacrocoraxCarbo,"2026-04-21 13:19:36",0.96812,7,phalacrocoraxcarbo
1041,15684549,C4TMoD!,"2026-04-22 07:08:30",0.96811,1,ramodi
1042,15701855,Zentrix,"2026-04-23 21:59:04",0.96811,8,zentrix
1043,15587578,TJrabo,"2026-04-24 04:54:55",0.96810,12,tjrabo
1044,15571071,"Gustav Hauri","2026-04-08 20:17:27",0.96810,6,gustavhauri
1045,15565691,"Albert Kang","2026-04-21 01:19:38",0.96809,1,albertkangunc
1046,15527604,"Bryce Chambers","2026-04-24 04:29:24",0.96808,40,brycechambers
1047,15554093,"Chitos FoReal","2026-04-08 15:26:16",0.96808,4,eclipse315
1048,15587633,"Đức Lập Trần","2026-04-10 10:05:17",0.96807,1,clptrn
1049,15574129,Aktaruzzaman,"2026-04-17 15:37:07",0.96803,2,aktaruzzaman1
1050,15609910,Aravind,"2026-04-13 16:19:27",0.96802,1,aravaravind
1051,15604456,"Praneel Patel","2026-04-12 18:37:30",0.96801,1,praneelpa
1052,15563478,Nikolay,"2026-04-07 17:08:22",0.96801,1,nikolaykrd
1053,15590823,"Louis GERVILLE-REACHE","2026-04-16 09:15:16",0.96799,23,louisgerville
1054,15559309,"lili luo","2026-04-07 03:22:40",0.96798,5,lililuo
1055,15663587,LILY_0318,"2026-04-21 15:28:45",0.96796,2,lily0318
1056,15540964,"Gandharv Kulkarni","2026-04-23 19:34:22",0.96795,37,gandharvk422
1057,15571561,"Manya Singh","2026-04-23 11:29:41",0.96795,13,manyai
1058,15528807,"Logeshwari Somasundaram","2026-04-20 09:30:03",0.96795,21,logeshwari12345
1059,15528599,"Hafsa Komal","2026-04-22 09:30:54",0.96794,8,hafsakomal
1060,15527321,"Mostafizur Rahman Antu","2026-04-11 15:26:57",0.96794,7,alsomostafiz
1061,15705381,"k230897 Shaheer Malik","2026-04-24 12:14:05",0.96794,6,k230897shaheermalik
1062,15529433,"SANGHRAJ AADHALE","2026-04-01 15:51:20",0.96793,4,sanghrajaadhale
1063,15531238,"Masa Kim","2026-04-05 14:22:57",0.96792,16,masakim
1064,15547282,"[Deleted] 5f60f2ef-58f1-45d9-9a6f-c3370a670086","2026-04-21 18:39:38",0.96792,3,del=4f57e493f079ff8d
1065,15575202,LuoLintao,"2026-04-15 08:10:20",0.96792,16,muweidj
1066,15611269,"Darren Barkins","2026-04-20 07:45:08",0.96791,4,darrenbarkins
1067,15533179,"giacomo veneri","2026-04-21 14:27:31",0.96790,48,giacomoveneri1
1068,15574089,"MIHIR DIWAN","2026-04-18 09:33:21",0.96789,1,mihirdiwan
1069,15581140,"Jeni Lopez","2026-04-13 03:33:52",0.96786,20,jenilopez
1070,15566223,"Dason Tiovino","2026-04-19 06:10:09",0.96785,15,dasontiovino
1071,15548779,Manny303,"2026-04-13 00:22:34",0.96784,14,manny303
1072,15558009,"Vijay Tomar01","2026-04-24 12:24:33",0.96784,27,vijaytomar01
1073,15703792,GopiPitchai,"2026-04-24 04:38:51",0.96782,1,gopipitchai
1074,15539195,tuannm3812,"2026-04-16 08:58:37",0.96780,2,tuannm3812
1075,15545174,"Rahul kumar","2026-04-07 05:34:00",0.96780,6,rahulrajmahi
1076,15532042,"Chris X","2026-04-05 11:48:40",0.96780,11,docxian
1077,15538495,"Karthikeyan A","2026-04-21 04:01:42",0.96779,6,karthi1048a
1078,15558691,"Din Sokheng","2026-04-05 20:47:36",0.96779,6,sokhengdin
1079,15531783,st0123,"2026-04-04 08:31:06",0.96778,4,st0123
1080,15595559,rafiftaqyy,"2026-04-11 10:16:47",0.96778,6,rafiftaqiy
1081,15538446,"Aryan Mishra","2026-04-24 08:22:56",0.96778,23,aryanmdev
1082,15535527,"Sarvesh Chhetri","2026-04-23 17:30:14",0.96777,34,sarveshchhetri
1083,15616605,"Jeffrey Chiu","2026-04-22 17:49:16",0.96776,1,chiujeffrey
1084,15652164,"Bhupendra Shivhare","2026-04-19 15:40:20",0.96775,1,bhupendrashivhare
1085,15610022,and1kov,"2026-04-14 13:35:22",0.96773,11,and1kov
1086,15528231,"Lumy / ルミ","2026-04-01 18:57:34",0.96773,6,luminolous
1087,15544177,haya26,"2026-04-12 06:12:47",0.96772,7,haya26
1088,15541130,"Aldo Omar Andres","2026-04-07 17:07:57",0.96772,8,aldoomarandres
1089,15529871,"Kota Fuchiwaki","2026-04-15 02:51:20",0.96771,6,kotafuchiwaki
1090,15702756,"Smith Khatri","2026-04-24 11:11:42",0.96770,5,smithkhatri
1091,15554226,"Eddie Konan","2026-04-11 02:47:50",0.96770,8,eddiekonan
1092,15646891,IEEM26_112034050,"2026-04-23 05:53:14",0.96769,17,tsaiweini
1093,15528092,"Sajjad Hossain","2026-04-07 02:58:40",0.96767,8,sajjadhossain27
1094,15569753,jps,"2026-04-24 09:08:09",0.96767,25,jahaziel
1095,15528740,"Praveen Singh_1231","2026-04-03 06:18:04",0.96766,4,praveensingh1231
1096,15694462,"Syed Aazmir Huusain","2026-04-23 11:12:07",0.96766,5,syedaazmirhuusain
1097,15537959,"Pascal Pfeiffer","2026-04-06 18:09:16",0.96765,5,ilu000
1098,15643196,theken,"2026-04-24 04:58:58",0.96765,11,theken
1099,15536918,"Deep Patil","2026-04-16 19:18:39",0.96765,2,deeppatil1
1100,15541304,"Gabriel Guzman","2026-04-21 21:10:49",0.96765,4,ggguzm
1101,15528493,"Miyashita Mizuki","2026-04-02 15:20:29",0.96764,2,miyashitamizuki
1102,15622474,H3NRYY,"2026-04-19 00:08:30",0.96763,5,h3nryy
1103,15645472,"Chien Ting Lo","2026-04-18 14:26:12",0.96763,4,chientinglo
1104,15720429,AbinashBehera017,"2026-04-24 10:17:17",0.96762,14,abinashbehera017
1105,15623076,J_m,"2026-04-15 16:00:25",0.96762,1,hexclan14
1106,15528815,"Manish Swami","2026-04-22 07:40:19",0.96762,12,manish756
1107,15531199,yokatan,"2026-04-05 23:15:26",0.96761,4,yokatan
1108,15604710,"Raghuram Alur","2026-04-16 08:48:56",0.96758,3,raghuramalur
1109,15599433,"Daniel Martinek","2026-04-13 23:55:47",0.96755,9,cubebuc
1110,15601055,"REVA DIGRASKAR","2026-04-14 05:45:17",0.96755,2,revadig
1111,15582925,"RISHAB KUMAR","2026-04-09 16:32:43",0.96755,4,rishabkumar27
1112,15584307,"Swann Etro","2026-04-09 15:56:58",0.96753,1,swannetro
1113,15527705,liming_li,"2026-04-15 14:45:56",0.96753,5,jiayouxiaoren
1114,15536947,"gopal krishan goyal","2026-04-07 05:06:50",0.96752,1,gopalkrishangoyal
1115,15528724,"Rui Zhu","2026-04-01 06:26:42",0.96752,2,ruialbertzhu
1116,15649513,dlee171,"2026-04-19 19:58:49",0.96751,4,donglee171
1117,15538656,"Shazidul Islam","2026-04-22 12:38:57",0.96749,3,shazidulislam
1118,15608755,"Baha Enes Ören","2026-04-21 10:55:21",0.96749,4,bahaenesren
1119,15617533,"Shane Waldron","2026-04-23 18:24:31",0.96748,4,shanewaldron
1120,15539957,"Carlos Neri","2026-04-12 03:53:49",0.96748,12,carlosneri
1121,15540436,"Stefan Glisic","2026-04-14 10:12:59",0.96748,10,glisicstefan
1122,15657950,Ritvik182,"2026-04-20 10:38:08",0.96748,1,ritvik182
1123,15567321,hudax18,"2026-04-12 19:01:32",0.96743,7,hudax18
1124,15609319,bengumelis,"2026-04-24 12:18:55",0.96743,19,bengui
1125,15528971,"Luca Basanisi","2026-04-21 11:13:51",0.96743,6,lucabasa
1126,15554695,"Kalp Vora","2026-04-07 13:41:21",0.96742,1,kalpvora
1127,15529160,"Benny Nguyen","2026-04-24 04:23:46",0.96741,7,bennykn8
1128,15539350,long1973m,"2026-04-07 02:51:02",0.96741,7,long1973m
1129,15583714,aifycer,"2026-04-23 13:25:31",0.96740,4,ebanyicbl4
1130,15654859,"Kaio Gabriel","2026-04-21 00:33:07",0.96740,1,kaiogabrieldev
1131,15589756,"Eli Haciyev","2026-04-14 14:55:15",0.96739,9,elihaciyev
1132,15619052,IEEM26_112034028,"2026-04-15 18:40:48",0.96739,5,chiang7z
1133,15655975,"Nagendra Turaga","2026-04-20 07:21:22",0.96739,2,nagturaga
1134,15591027,Majiro_ns,"2026-04-10 21:56:29",0.96738,3,ygkojima
1135,15553837,"Ashish Singh 1987","2026-04-21 18:55:08",0.96738,8,ashishsingh1987
1136,15586992,"Nathan Mutakyawa","2026-04-13 00:40:19",0.96738,10,nathanmutakyawa
1137,15548408,"Ala Majouri","2026-04-07 17:40:41",0.96737,7,alamajouri
1138,15561994,daihui16,"2026-04-24 03:45:32",0.96736,5,cmt1127
1139,15551611,"Antony Fung","2026-04-22 07:27:00",0.96735,6,antonyfung
1140,15553590,"Игорь Жаров","2026-04-06 14:47:32",0.96735,1,flexonafft
1141,15718981,"Barry ZhengXian","2026-04-24 09:31:34",0.96733,4,"barryzhengxian,lin77rain"
1142,15611621,"Matt Kennedy","2026-04-14 17:42:44",0.96732,4,mattkennedy22
1143,15673262,"k240718 Sarim","2026-04-24 12:16:17",0.96732,26,k240718sarim
1144,15576019,Lostpath,"2026-04-13 13:21:31",0.96732,16,lostpath
1145,15530761,"Ahmet Emir Dundar","2026-04-12 12:26:10",0.96731,3,ahmetemirdundar
1146,15530345,Sash,"2026-04-20 20:13:41",0.96731,7,sa4444
1147,15532825,Monfo_00,"2026-04-23 05:07:50",0.96730,10,monfo00
1148,15529633,CaERu_korokoro,"2026-04-02 10:21:05",0.96730,2,caeru11291129
1149,15659781,"Tiberiu-Alexandru Bădoi","2026-04-21 14:44:11",0.96729,2,tiberiualexandrubdoi
1150,15700240,"Vijay Takbhate","2026-04-23 19:22:16",0.96728,4,vijay20213
1151,15530907,nakimu,"2026-04-11 11:10:47",0.96727,1,nakimu
1152,15549810,"Saif Ur Rehman","2026-04-05 14:49:18",0.96727,4,saifurrehmanakhund
1153,15549084,"Santosh Vaidya","2026-04-07 10:07:24",0.96725,22,santosh1974
1154,15531259,"Mehmet SEL","2026-04-02 00:26:42",0.96725,4,mehmetsel
1155,15663134,komae_99,"2026-04-22 08:51:01",0.96724,13,komae99
1156,15529926,"Richard Doyle","2026-04-08 11:59:04",0.96723,6,richarddoyle55
1157,15560907,"Salik Hussaini","2026-04-19 20:30:09",0.96722,16,salikhussaini49
1158,15527315,"Ekaterina Voropanova","2026-04-05 00:03:41",0.96722,22,voropanovae
1159,15581009,Hephaestus,"2026-04-12 22:48:00",0.96720,6,aidenfine67
1160,15601936,"Lokesh M","2026-04-24 05:29:25",0.96720,3,lokeshpuma
1161,15590889,"Luca Zaffaroni","2026-04-23 16:58:38",0.96719,1,jefferandjeff
1162,15559570,"Nihar Shah","2026-04-06 13:07:13",0.96717,11,niharshah05
1163,15591804,"Mohamed Drabo","2026-04-22 11:51:47",0.96716,4,mohameddrabo
1164,15606106,"Masaaki Nabeshima","2026-04-14 05:31:53",0.96715,6,masaakinabeshima
1165,15566590,"Aslam Sayyad ","2026-04-13 19:08:51",0.96714,5,aslamsayyad1
1166,15555050,IEEM_112034010,"2026-04-23 18:17:09",0.96712,20,ieem26112034010
1167,15634182,"Aly Alsayed","2026-04-20 15:01:40",0.96711,4,alyalsayed
1168,15649816,LittleRockstar69,"2026-04-19 09:16:13",0.96709,1,littlerockstar69
1169,15552231,Zibryn,"2026-04-05 03:27:31",0.96709,10,zibryn
1170,15558128,gojibori,"2026-04-23 21:20:05",0.96709,27,gojibori
1171,15576634,"Rishikesh Govind","2026-04-15 13:46:22",0.96708,4,rg18aa
1172,15640305,"MSFT Crickets","2026-04-24 11:51:15",0.96708,24,"robertvulpe,sebastianilinca"
1173,15639335,"ABeer Al-Zebda","2026-04-19 15:57:44",0.96707,7,abeeralzebda
1174,15567655,"Egor Andreasyan","2026-04-22 14:23:40",0.96706,8,egorandreasyan
1175,15649324,Dhanesh,"2026-04-19 13:17:43",0.96706,10,dhaneshkp
1176,15568376,"Gayathri S.H","2026-04-07 04:19:17",0.96705,1,gayathrishankar2905
1177,15585442,"James Martin","2026-04-12 00:07:10",0.96704,6,jamesmartin90
1178,15532531,"Francisco Mendez","2026-04-03 14:54:41",0.96704,15,bigmantingz
1179,15554624,Shivam,"2026-04-23 22:45:57",0.96703,3,shivamgravity
1180,15562495,NaufalAqil18,"2026-04-07 12:59:54",0.96701,4,naufalaqil18
1181,15588222,"Sayak Chowdhury","2026-04-14 06:28:44",0.96701,3,sayakaccordion
1182,15564816,ALEXEY_LEVCHENKO,"2026-04-14 19:13:10",0.96700,18,alexeylevchenko2
1183,15623623,PolarisingPineapple,"2026-04-22 20:06:08",0.96700,2,polarisingpineapple
1184,15723778,weidongming,"2026-04-24 02:27:34",0.96699,1,weidongming
1185,15581630,"Pratyush Sahu #2","2026-04-11 12:11:33",0.96699,4,pratyushsahu02
1186,15654611,"Elivelton Neves","2026-04-21 17:08:18",0.96699,1,eliveltonneves
1187,15539368,"Alper Aygördüler","2026-04-02 16:21:31",0.96699,3,alperaygrdler
1188,15553635,lipeizi,"2026-04-04 13:27:51",0.96698,1,lipeizi
1189,15616868,"batdorj Sukhbaatar","2026-04-23 16:42:45",0.96698,2,batdorjsukhbaatar
1190,15710853,"Ali Zeeshandev","2026-04-23 22:36:10",0.96698,2,alizeeshandev
1191,15639493,"Hemachandra HD","2026-04-17 18:41:44",0.96697,1,hemachandrahd
1192,15656595,klerk002,"2026-04-20 08:47:47",0.96696,2,chrispinusowino
1193,15555388,"Trisanu Das","2026-04-05 17:53:18",0.96695,1,trisanudas
1194,15535062,3as6Bl,"2026-04-02 02:56:24",0.96695,1,segusegu
1195,15541856,"abdelmalek eladjelet","2026-04-08 23:57:53",0.96693,1,abdelmalekeladjelet
1196,15560013,"Chen cuidian","2026-04-24 05:27:26",0.96693,13,chencuidian
1197,15557685,Smritix,"2026-04-14 16:32:58",0.96692,4,smritix
1198,15675647,"Rafael Gallo","2026-04-21 23:13:24",0.96692,2,gallo33henrique
1199,15561226,Kaustubh,"2026-04-14 06:18:37",0.96692,13,kausr25
1200,15565939,"Mostafa Yasser","2026-04-10 16:32:07",0.96691,8,mostafayasser74
1201,15531446,"Bhone Moe Naing","2026-04-19 13:55:13",0.96690,10,phonemoe
1202,15569339,"Siri Purighalla","2026-04-20 15:54:12",0.96690,31,siripurighalla
1203,15710402,"Muhammad Raza Mustafa","2026-04-24 10:35:41",0.96690,8,muhammadrazamustafa
1204,15602037,Vinay@61,"2026-04-17 10:26:37",0.96690,10,vinay61
1205,15530935,Punyak,"2026-04-23 19:33:05",0.96689,3,punyakdei
1206,15729886,"Croft Adams","2026-04-24 11:11:30",0.96688,4,croftadams
1207,15527408,"Дворкин Евгений Владимирович","2026-04-18 06:18:05",0.96687,29,evgendvorkin
1208,15527353,"Amey Thakur","2026-04-02 04:49:50",0.96686,2,ameythakur20
1209,15622476,"Suraj Kukkipady","2026-04-15 13:49:57",0.96686,2,surajkukkipady
1210,15606204,"anto chriswin","2026-04-20 17:08:51",0.96685,5,antochriswin
1211,15598851,"Sanjay Babu","2026-04-11 20:05:27",0.96685,1,sanjaybabuofficial
1212,15528083,fasdfasfsafdasgs,"2026-04-08 01:50:46",0.96684,24,somelikeyou
1213,15615679,"Mariem GLIOUEZ","2026-04-19 22:10:18",0.96684,2,mariemgliouez
1214,15632884,Sabarishknight,"2026-04-19 06:32:35",0.96683,8,sabarishknight
1215,15631986,"Gabriel Guzmán","2026-04-16 18:46:55",0.96683,1,finnickod
1216,15627092,KCaesar0,"2026-04-17 04:26:21",0.96683,11,kcaesar0
1217,15650863,"Asude Nur Karaavcı","2026-04-19 13:50:31",0.96681,5,asudenurkaraavc
1218,15563929,camurberkayy,"2026-04-06 13:39:17",0.96681,2,camurberkayy
1219,15661217,IEEM26_111034069,"2026-04-22 19:35:48",0.96680,13,hirokiizumi
1220,15531132,GyroZeppeli,"2026-04-15 09:38:06",0.96678,2,rikukato
1221,15608582,"kazuya hibara","2026-04-15 06:13:27",0.96676,4,kazuyahibara
1222,15544628,IEEM26_111021120,"2026-04-24 04:37:43",0.96676,5,eewang2004
1223,15555608,Pebble,"2026-04-24 09:06:28",0.96674,1,waishingl
1224,15547882,milovanov,"2026-04-06 17:08:54",0.96674,3,milovanov
1225,15581700,"Naveed Ali","2026-04-13 18:58:49",0.96673,9,naveedali86
1226,15541581,"Sean Pritchard","2026-04-18 20:54:37",0.96672,10,seanpritchard
1227,15614288,PalakAdsul,"2026-04-14 17:19:49",0.96672,1,palakadsul
1228,15568210,DennyChang,"2026-04-07 04:40:49",0.96671,1,dennychang1999
1229,15561960,bruhbruh,"2026-04-06 16:35:49",0.96669,10,nguyendinhbach69
1230,15628751,"Imaad Hasan","2026-04-24 12:48:33",0.96668,4,imaadhasan
1231,15536765,"Kazumasa Yoshimura","2026-04-02 07:11:52",0.96668,1,kazumasayoshimura
1232,15552900,bokkuzu,"2026-04-14 15:27:47",0.96668,3,bokkuzu
1233,15527314,"nagi nagi (naginagi)","2026-04-21 14:24:21",0.96667,49,naginaginaginagi
1234,15552593,"bo w","2026-04-05 03:31:59",0.96667,11,"bowthugo,goplayer"
1235,15583314,QWVian,"2026-04-19 10:23:01",0.96666,46,"qwvian,zenglingzhu"
1236,15530173,"RUCHIT KHADE","2026-04-02 16:30:11",0.96665,5,ruchitkhade
1237,15559414,taehyunan,"2026-04-06 02:48:39",0.96665,10,taehyunan1999
1238,15650446,IEEM26_112034007,"2026-04-24 10:53:21",0.96663,19,huangikai
1239,15607875,sakuya1652,"2026-04-15 04:10:25",0.96660,2,sakuya1652
1240,15616892,"Nabin Oli","2026-04-14 18:09:38",0.96659,4,nabinoli2004
1241,15589257,"Artem Cherdantsev","2026-04-11 13:47:19",0.96659,3,artemcherdantsev
1242,15633347,shivtchandra,"2026-04-17 16:35:08",0.96657,3,shivtchandra
1243,15528886,"Jose M. Martinez","2026-04-04 15:03:50",0.96656,3,jmmrcp
1244,15527776,salahuddin975,"2026-04-21 20:33:31",0.96655,8,salahuddin975
1245,15573191,"Ayesha Siddiqua","2026-04-22 11:17:00",0.96655,2,coddy1803
1246,15667735,"sai kiran7135","2026-04-22 16:51:59",0.96654,3,saikiran7135
1247,15528542,ALYYANAHMED,"2026-04-14 06:11:26",0.96654,7,akalyyanahmed
1248,15530320,Cnyz,"2026-04-01 14:21:01",0.96653,2,canyklmaz
1249,15559069,"Water ground","2026-04-23 14:14:41",0.96653,8,kyumoto
1250,15567112,leopnt,"2026-04-11 08:22:40",0.96648,5,leopnt
1251,15529317,"Dhruv Pai Dukle","2026-04-01 09:34:46",0.96646,2,dhruvpaidukle
1252,15529410,WonderWomen2017,"2026-04-15 00:07:14",0.96645,10,wonderwomen2017
1253,15706159,"Vasile Cornita","2026-04-24 00:09:44",0.96644,4,vasilecornita
1254,15569102,"Soumyadeep Chattopadhyay","2026-04-07 06:41:47",0.96644,1,sdchattopadhyay
1255,15561446,capnjazzy,"2026-04-06 19:41:15",0.96643,7,capnjazzy
1256,15527800,"Cecilia Casanova ","2026-04-01 06:38:37",0.96643,4,ceciliacasanova
1257,15528877,"Rauan K","2026-04-05 17:44:55",0.96641,1,rauankumash
1258,15537112,"Jorge Manrique","2026-04-24 09:36:50",0.96639,37,jfmanrique
1259,15591177,Nitin.kp,"2026-04-11 12:53:28",0.96639,3,nitinkp9090921
1260,15575553,"Suman Saha","2026-04-09 08:32:04",0.96639,1,sumandroid
1261,15545442,"Mayank Gangwal","2026-04-03 13:37:47",0.96638,1,mayankgangwalnsut
1262,15556648,"Saparbai Kaznabekov","2026-04-05 07:35:21",0.96638,1,saparbaikaznabekov
1263,15564478,Appu79,"2026-04-06 12:23:53",0.96637,1,appu79
1264,15643407,yping,"2026-04-18 10:03:26",0.96637,3,iyping
1265,15547666,manu2213,"2026-04-22 09:56:00",0.96635,5,manu2213
1266,15550966,S.Domain,"2026-04-04 00:35:13",0.96633,2,sdomain
1267,15721485,"Jesper Jayaswal","2026-04-24 00:54:09",0.96633,1,jesperjayaswal
1268,15626158,Jason-Oh,"2026-04-18 02:41:31",0.96633,14,dossantoss
1269,15536127,"Avinash Changrani","2026-04-03 03:22:01",0.96632,3,nabobery
1270,15618320,Chi,"2026-04-21 00:41:50",0.96632,6,miya1800m
1271,15564711,dapanng,"2026-04-08 05:06:17",0.96632,15,"dapanng,zs79hf"
1272,15531443,Zekuniverse,"2026-04-17 06:09:54",0.96627,1,zekuniverse
1273,15553897,"Nidhi Tomar","2026-04-05 04:35:56",0.96627,7,nexus092
1274,15627973,onebyone,"2026-04-22 10:22:30",0.96627,2,eaglechiu
1275,15657903,"Harry Cheung","2026-04-20 10:40:25",0.96626,1,harryyycheung
1276,15555097,"moustafa Yuri","2026-04-09 14:59:09",0.96625,4,moustafayuri
1277,15602976,"Francesco Albanese","2026-04-19 01:56:45",0.96625,1,francescoalbanesephd
1278,15554389,"Дмитрий Целищев","2026-04-06 16:36:42",0.96625,6,mustardbator
1279,15531213,"Szwajcar ","2026-04-24 09:31:31",0.96624,27,szwajcar
1280,15602303,"SEYED MEHDI SADAT HOSSEINI","2026-04-12 13:30:52",0.96623,1,asamasach
1281,15620937,AutoBots,"2026-04-24 11:11:53",0.96623,40,"khushgotecha,neel0289,yugsayja"
1282,15564626,"Mulham Fetna","2026-04-06 13:14:33",0.96622,1,mulhamfetna
1283,15606197,"Muhammad wisnu Wardhana","2026-04-13 12:21:58",0.96622,1,nirvanaguys
1284,15549805,dukka,"2026-04-05 21:00:13",0.96621,4,onurozahioglu
1285,15542961,pingtingwei,"2026-04-12 09:21:22",0.96618,1,pingtingwei
1286,15591498,"Keshav ssp","2026-04-13 16:48:23",0.96617,9,keshavssp
1287,15643284,"xinin yu","2026-04-19 01:41:51",0.96614,2,xininyu
1288,15611204,HayZeuz,"2026-04-13 20:28:47",0.96613,1,aeth8agi
1289,15656896,yang,"2026-04-24 04:51:36",0.96613,7,entro10
1290,15659234,"Sanyam Vasan","2026-04-23 15:37:41",0.96613,1,werewolff
1291,15633395,"efsa yılmaz","2026-04-23 14:38:44",0.96612,18,efsaylmaz
1292,15553660,Andy0300,"2026-04-04 11:16:46",0.96610,1,andy0300
1293,15568892,spekinos,"2026-04-07 08:36:36",0.96609,2,spekinos
1294,15647181,"Lily Bai","2026-04-19 02:53:01",0.96608,1,lilybai
1295,15577849,abhishek_paradeshi,"2026-04-23 19:45:44",0.96608,25,"abhishekparadeshi,ayaanmohsin17"
1296,15673442,"Nicolas Klodt","2026-04-23 19:27:03",0.96606,4,nicolasklodt
1297,15594417,Sam,"2026-04-11 22:49:11",0.96604,6,beartrader
1298,15604993,"Sahil Bains","2026-04-23 18:16:54",0.96604,4,sahilbainz
1299,15617220,"Gianpiero M.","2026-04-14 19:20:24",0.96601,2,gianpierom
1300,15544378,schwartz1927,"2026-04-10 12:51:26",0.96601,6,schwartz1927
1301,15527897,"Janarthan B","2026-04-16 13:21:33",0.96599,3,janarthanb
1302,15529354,"Muhammad Aiesh","2026-04-02 13:14:16",0.96598,7,muhammadaiesh
1303,15611295,"YUNUS TEMELLİ","2026-04-15 08:26:12",0.96598,9,yunustemell
1304,15547164,"Artem Nazemtsev","2026-04-03 14:16:24",0.96598,7,artemnazemtsev
1305,15530922,PaoForML,"2026-04-04 07:11:54",0.96597,11,paoforml
1306,15556945,IEEM26_112034055,"2026-04-21 03:25:46",0.96597,11,s112034055yihsuan
1307,15533476,"amira m7mad","2026-04-11 18:19:49",0.96596,11,amiram7mad
1308,15554332,"amira mohamed","2026-04-11 18:12:34",0.96596,4,amiramohamed34
1309,15690368,Raja051105,"2026-04-24 10:32:19",0.96596,3,raja051105
1310,15659513,"Aboubacar Diarra - Mali12","2026-04-22 18:31:33",0.96595,6,aboubacardiarra1810
1311,15584245,ricky5932,"2026-04-10 16:34:18",0.96594,8,ricky5932
1312,15573434,"Sounak Chatterje","2026-04-09 19:32:33",0.96593,1,sounakchatterje
1313,15644311,"张 博瑞","2026-04-18 10:53:35",0.96593,2,jamboreebnbu
1314,15653393,René,"2026-04-22 15:17:19",0.96592,9,rmoesbergem
1315,15529242,Kiyotaka18,"2026-04-01 16:57:06",0.96591,7,kiyotaka18
1316,15569250,Psi,"2026-04-17 09:54:53",0.96590,5,philippsinger
1317,15570033,"Maram Ali","2026-04-11 12:27:29",0.96588,2,msama01
1318,15549005,"Kunj Kansara","2026-04-17 05:49:28",0.96587,4,kunjkansara
1319,15657193,"HUUUH HUUUH","2026-04-20 13:26:08",0.96585,1,huuuhhuuuh
1320,15619360,zhenst,"2026-04-15 06:49:22",0.96584,3,zhenst
1321,15667838,"Anant Singh","2026-04-22 11:15:25",0.96582,1,theflyingcow
1322,15530217,"Mahmoud Ibrahim","2026-04-09 01:02:55",0.96580,13,phagewave
1323,15589299,FeaturedBarrel,"2026-04-15 17:34:58",0.96579,9,featuredbarrel
1324,15582647,"Seyed Hasan Mir Hoseini","2026-04-09 10:44:18",0.96578,1,seyedhasanmirhoseini
1325,15621914,Fusahiko@555,"2026-04-18 15:41:34",0.96577,8,fusahuko555fusahiko
1326,15530520,SkiFastNY,"2026-04-05 17:30:58",0.96576,3,skifastny
1327,15601867,Ayomide2000,"2026-04-23 23:21:43",0.96575,9,ayomide2000
1328,15529025,Ahad,"2026-04-21 06:40:06",0.96573,7,ahadaljabri
1329,15623116,"Chirapathleo Saelim","2026-04-17 11:14:14",0.96573,4,chirapathleosaelim
1330,15650206,woni225,"2026-04-19 18:41:22",0.96572,2,woni225
1331,15531024,MarkoZ,"2026-04-12 13:08:16",0.96570,4,markoz
1332,15623876,Ferioan,"2026-04-15 21:06:11",0.96569,2,ferioan
1333,15581730,Leoooo876543456,"2026-04-10 00:34:12",0.96569,2,leoooo876543456
1334,15625130,Shuni38,"2026-04-20 05:38:29",0.96569,3,shuni38
1335,15584465,"wei feng qin","2026-04-12 11:23:11",0.96568,7,weifengqin
1336,15539046,Mayu,"2026-04-04 06:35:39",0.96568,6,mayueryu
1337,15566311,Ranbix,"2026-04-06 22:11:04",0.96568,2,englishpatient
1338,15655178,"Ayesh@ Tariq123","2026-04-22 03:21:35",0.96567,1,ayeshtariq123
1339,15589136,LokiGoSoftware,"2026-04-13 09:47:30",0.96567,11,lokigosoftware
1340,15648923,"Mounika Kalamraju","2026-04-24 00:22:11",0.96566,1,mounikakalamraju
1341,15660817,"Shivadharshan S","2026-04-21 05:28:57",0.96565,11,shivadharshansankar
1342,15560157,600944-ธนวัฒน์,"2026-04-05 19:44:52",0.96565,7,tanawatrun
1343,15588793,chiraggosswami,"2026-04-11 16:36:46",0.96564,2,chiraggosswami
1344,15595596,"D Gumerov","2026-04-23 12:10:39",0.96560,3,dgumerov
1345,15536138,mahmudulmadu,"2026-04-02 11:33:03",0.96557,2,mahmudulmadu
1346,15569702,IEEM26_112034008,"2026-04-23 17:16:30",0.96556,5,leeyukuan10
1347,15540808,CUET_MLparinah,"2026-04-21 17:23:40",0.96551,3,"amitroyantu,nafisshimalayaa,showaibnowfel"
1348,15606049,"Muhammad Farel Alkayis","2026-04-13 11:15:59",0.96551,3,mfalkayis
1349,15593552,"Ronald Futila","2026-04-20 20:13:24",0.96550,3,ronaldfutila
1350,15565675,"Shakshat Jain","2026-04-08 09:01:44",0.96550,5,shakshatjain
1351,15641238,"Ryan Zar","2026-04-18 01:38:10",0.96549,1,ryanzar
1352,15575892,Денис,"2026-04-08 08:40:07",0.96549,1,denbug
1353,15657009,"Elbeg Erdenebayar","2026-04-20 09:10:47",0.96549,1,elbegerdenebayar
1354,15529167,"Manjil Budhathoki","2026-04-06 10:32:49",0.96549,1,manjilbudhathoki
1355,15562306,"Khôi Đinh nguyên","2026-04-08 02:28:15",0.96547,9,cbdsigmas
1356,15536924,"Carol bright","2026-04-06 01:09:55",0.96546,6,carolbright
1357,15561819,"SHUNSUKE SUZUKI","2026-04-17 16:26:22",0.96546,13,ssmdacp
1358,15573816,LeonXiaooo,"2026-04-08 16:17:10",0.96543,2,leonxiaooo
1359,15531688,atrbyg24,"2026-04-01 23:40:20",0.96542,4,atrbyg24
1360,15551583,"Mohammad Yousif Jamali","2026-04-17 05:56:20",0.96541,4,"kiragami,mohammadyousifjamali,usmankhandilzak"
1361,15682217,"Manisha Kalamraju","2026-04-24 00:41:28",0.96541,1,manishakalamraju
1362,15651662,nazlikul,"2026-04-20 14:19:45",0.96540,5,nazlkul
1363,15529351,chris_green0713,"2026-04-03 03:23:37",0.96538,2,chrisgreen0713
1364,15600884,田中大登,"2026-04-23 13:08:44",0.96537,2,dainoboru
1365,15667974,"Sneha Katwal","2026-04-23 10:31:22",0.96537,2,snehakatwal
1366,15604078,ajikajadeh,"2026-04-13 13:08:24",0.96537,3,ajikajadeh
1367,15663799,Ishan2608,"2026-04-24 10:00:16",0.96537,2,ishan2608
1368,15578832,Dimk_ko,"2026-04-09 16:32:38",0.96534,11,dimkko
1369,15546173,thodotpro,"2026-04-13 11:24:15",0.96533,2,thodotpro
1370,15725876,"Darko Androcec","2026-04-24 07:50:43",0.96533,2,dandrocec
1371,15548392,"Kaleb S Jordan","2026-04-04 03:12:23",0.96532,2,kalebsjordan
1372,15591031,simplecar,"2026-04-21 16:10:22",0.96531,2,simplecar
1373,15566535,"Gaurav Gawai","2026-04-11 17:20:49",0.96526,5,"akashkumargs,gauravgawaiambitious"
1374,15546200,"Nejc Zavodnik","2026-04-06 20:55:28",0.96525,1,nejczavodnik
1375,15691925,priyanshppm47,"2026-04-22 07:44:56",0.96525,2,priyanshppm47
1376,15722694,"Precious Pendo","2026-04-24 06:09:07",0.96525,2,preciouspendo
1377,15529434,"Hossein Badrnezhad","2026-04-03 16:16:41",0.96523,3,hosseinbadrnezhad
1378,15566410,"Bach Nguyen Dinh","2026-04-06 18:13:20",0.96521,8,bachnguyendinh
1379,15540293,"Sergey Bondarev","2026-04-18 21:13:44",0.96520,4,sergeybondarev
1380,15535554,"Aritra Mukherjee","2026-04-05 09:58:19",0.96517,4,aridoge13
1381,15641146,"Anu vishal","2026-04-18 01:51:11",0.96517,4,anuvishal
1382,15609950,TboneBrown,"2026-04-16 11:52:28",0.96515,2,tbonebrown
1383,15602058,"Patel Manish836","2026-04-13 17:50:30",0.96514,2,patelmanish836
1384,15530771,Ashley1212,"2026-04-01 15:21:05",0.96514,7,ashley1212
1385,15577305,sphere07,"2026-04-24 07:05:22",0.96512,3,sphere07
1386,15721438,"Rizwan Vadsariya","2026-04-23 17:27:17",0.96512,1,rizwanvadsariya
1387,15649847,"A Siri","2026-04-23 17:59:00",0.96511,10,siribtech
1388,15547132,"Hari Srinivas L","2026-04-20 08:55:31",0.96510,12,harisrinivasl
1389,15581434,abduraaahim,"2026-04-14 10:45:34",0.96509,25,abduraaahim
1390,15596288,neeraj,"2026-04-22 03:20:39",0.96509,5,webscale
1391,15611736,"Muhammed Ahmed Abdo","2026-04-18 11:18:56",0.96508,1,muhammedahmedabdo
1392,15630341,hadimaster,"2026-04-16 16:50:48",0.96506,1,hadimaster
1393,15685759,drbear,"2026-04-23 10:05:48",0.96506,4,"cxs7612,drbear27"
1394,15530901,"Rohan Rathod","2026-04-05 07:12:13",0.96504,15,rohanrathod02
1395,15649017,xiulinlinxll,"2026-04-19 07:18:04",0.96504,6,xiulinlinxll
1396,15615544,AnkitRaj4004,"2026-04-14 19:36:59",0.96502,1,ankitraj4004
1397,15576770,Suriyaa__MM,"2026-04-09 16:00:27",0.96502,2,suriyaamm2705
1398,15623276,Budianto,"2026-04-20 16:50:45",0.96498,3,budibudi
1399,15636156,k-void0,"2026-04-17 09:17:03",0.96498,2,kvoid0
1400,15564535,"Saanvi Belede Naga","2026-04-06 12:30:26",0.96497,1,saanvibeledenaga
1401,15548552,"Bjørk Antoniussen","2026-04-08 18:07:44",0.96497,4,bjrkantoniussen
1402,15552665,icecream877,"2026-04-04 07:57:39",0.96495,2,icecream877
1403,15728922,"Amit Dhakad","2026-04-24 12:09:27",0.96495,1,amitdhakad
1404,15539772,maramkhalid67,"2026-04-23 19:25:46",0.96494,12,maramkhalid67
1405,15610482,"Gaurav K. Verma","2026-04-13 18:38:26",0.96494,1,gaurav41
1406,15527227,"Joseph Dominguez","2026-04-12 19:33:05",0.96493,12,josephdominguez1
1407,15563165,Wind,"2026-04-07 06:44:30",0.96491,2,vaniertvanzetye
1408,15571976,SARANG,"2026-04-23 15:48:19",0.96488,13,vh10935cse20
1409,15530196,Gaberli,"2026-04-01 13:41:24",0.96485,3,gaberli
1410,15619902,ASHWINMSAD,"2026-04-16 05:43:45",0.96483,2,ashwinmsad
1411,15536761,Ryota,"2026-04-02 11:53:51",0.96482,1,ryotaa16
1412,15531430,IEEM26_112034041,"2026-04-02 14:24:55",0.96482,3,ihaseyebrows
1413,15531705,JosimarGon,"2026-04-23 09:48:56",0.96482,5,josimargon
1414,15527696,"Animan khandelwal","2026-04-05 00:43:57",0.96481,3,animankhandelwal
1415,15649855,"Siena Tc","2026-04-19 08:35:59",0.96480,3,sienatc
1416,15538309,"Arda Çiftçi","2026-04-24 11:16:59",0.96477,11,ardaciftci
1417,15531674,OctOpus,"2026-04-18 00:24:33",0.96476,18,doudouba
1418,15576208,Shivansh123455,"2026-04-08 13:13:41",0.96476,1,shivansh123455
1419,15529783,DonaldDuck94,"2026-04-01 14:28:11",0.96472,2,donaldduck94
1420,15546400,"Edwin Daniels","2026-04-03 11:40:49",0.96472,1,steadyeddie87
1421,15591479,"Ali Osman Kaya","2026-04-12 21:00:23",0.96472,4,aliosmankaya
1422,15705191,"Samuel Situmeang","2026-04-23 04:00:21",0.96471,1,samuelsitumeang
1423,15644342,"Vedant Nirwan","2026-04-18 11:27:42",0.96471,1,vedantnirwan
1424,15576309,"Arjun Tyagi 17","2026-04-09 18:05:17",0.96471,3,arjuntyagi17
1425,15569714,"Rohini Pandit","2026-04-07 10:12:30",0.96469,1,rohinipandit
1426,15653194,Herman_Liepieshko,"2026-04-20 16:47:46",0.96469,2,hermanliepieshko
1427,15571509,"Afonso Fernandes Cruz","2026-04-08 14:47:04",0.96469,1,afonsofernandescruz
1428,15533216,"Faizan Khawar","2026-04-02 23:17:10",0.96468,1,faizankhawer
1429,15613309,ifashion,"2026-04-16 00:16:57",0.96465,8,ifashion
1430,15549850,"Dávid Kolumber","2026-04-24 11:46:56",0.96464,21,davidkolumber
1431,15640799,"Tom Linsenmeyer","2026-04-18 23:55:40",0.96464,2,tomlinsenmeyer
1432,15554587,K.Takahashi-1986,"2026-04-22 14:47:27",0.96463,18,ktakahashi1986
1433,15720973,Sentinel,"2026-04-23 17:03:38",0.96461,1,oluwaseunolubode
1434,15609584,Vitaly,"2026-04-18 18:09:13",0.96461,8,missformaster
1435,15541569,"Gayanuka Amarasuriya","2026-04-03 03:25:07",0.96460,1,gayanukaamarasuriya
1436,15595070,Moro,"2026-04-23 16:07:21",0.96460,4,moromoromoro
1437,15528361,"Kostya 138","2026-04-19 11:02:22",0.96458,20,kostya138
1438,15529466,"Sheikh Abdul Rehman","2026-04-01 09:37:13",0.96458,1,sarcasmos
1439,15527418,Moritz,"2026-04-06 18:32:37",0.96458,6,mrtz16
1440,15581625,Nove411,"2026-04-09 07:39:44",0.96458,1,nove411
1441,15657684,"kota kambayashi","2026-04-22 05:02:39",0.96458,1,kotakambayashi
1442,15552374,Mridul_990601,"2026-04-12 16:55:52",0.96457,1,mridul990601
1443,15528412,Norwenda,"2026-04-01 12:41:59",0.96456,9,norwend
1444,15581866,Samiksha,"2026-04-09 14:28:39",0.96456,4,samikshabansal
1445,15548834,IEEM26_112030032,"2026-04-20 16:26:22",0.96454,4,c112030032
1446,15708181,eshika,"2026-04-23 09:47:45",0.96451,3,eshika233886208vcet
1447,15530874,"cat as ques","2026-04-12 13:31:11",0.96441,2,catasques
1448,15533516,"Tom R","2026-04-17 03:51:06",0.96440,10,tareising
1449,15531897,Alberto,"2026-04-05 19:56:46",0.96440,3,albone
1450,15527414,"G Prashant","2026-04-09 09:56:19",0.96439,5,znine09
1451,15585207,klepo4ka,"2026-04-09 15:40:27",0.96439,1,klepo4ka
1452,15585990,"Bogdan Kuchergin","2026-04-09 18:31:36",0.96439,1,bogdankuchergin
1453,15547172,"Uğur Atlı","2026-04-06 08:34:58",0.96439,3,uuratl
1454,15647952,"Andre Endress","2026-04-24 12:56:07",0.96438,21,andreendress
1455,15699773,"Isha Rajmohan","2026-04-22 17:54:10",0.96438,1,isharajmohan
1456,15723461,"Erkhem Ganzorig","2026-04-24 01:49:22",0.96436,3,erkhemganzorig
1457,15673132,c0d3l0v3r,"2026-04-21 19:37:47",0.96433,1,dchehe
1458,15545123,HumHumMonster,"2026-04-03 08:15:01",0.96432,1,humhummonster
1459,15531561,"SUBODH DEOGADE","2026-04-08 19:03:44",0.96431,3,sometimessubodh
1460,15589336,Daru,"2026-04-15 22:52:06",0.96430,1,daru191854
1461,15611268,María,"2026-04-17 20:00:29",0.96429,1,mariaenc
1462,15551997,"Anqi Wang","2026-04-13 08:01:42",0.96427,24,adastroabyssosque
1463,15555000,"Youssef Diaa","2026-04-20 04:29:50",0.96427,11,joedida
1464,15535617,"Selim Halykov","2026-04-11 08:45:24",0.96426,15,selimhalykov
1465,15610242,"Yeon-jae Jwa","2026-04-13 21:32:59",0.96424,5,yeonjaejwa
1466,15536157,Soham_Deshpande,"2026-04-03 06:47:36",0.96423,2,sohamdeshpande11
1467,15641863,"Xuedong Zhu","2026-04-19 08:25:30",0.96423,16,xuedongzhu55
1468,15550878,"Maryam Ouafik","2026-04-04 12:51:51",0.96423,2,maryamouafik
1469,15563714,Sakayuya,"2026-04-11 07:12:25",0.96422,2,sakayuya
1470,15542296,"Suraj Singh","2026-04-12 11:50:12",0.96421,4,travellingkhajit
1471,15677056,"Abhishek Pandey__","2026-04-22 08:34:49",0.96419,3,abhishekpndy
1472,15626264,"Karisa Kopecek","2026-04-23 02:02:49",0.96419,4,karisakopecek
1473,15665190,"Shodolamu Opeyemi","2026-04-24 06:30:18",0.96419,22,hopesb
1474,15527278,Chovy,"2026-04-13 12:25:46",0.96416,7,chovyxu
1475,15528535,"Edosuyi Enosakhare","2026-04-10 11:48:56",0.96415,1,edosuyienosakhare
1476,15597476,"Rabia AŞIK","2026-04-11 19:59:08",0.96412,1,rabiaas
1477,15641741,"Sergei Lepitko","2026-04-22 19:22:22",0.96406,13,sergeilepitko
1478,15565537,ML_Learner,"2026-04-19 12:49:04",0.96400,38,somparnamukhopadhyay
1479,15565973,"Kirolos Osama","2026-04-19 17:53:10",0.96396,44,kirosama
1480,15627730,Mr.Bruce,"2026-04-24 10:07:42",0.96395,1,mrbruce07
1481,15529243,"Zeyad Sayed","2026-04-13 09:12:45",0.96393,31,"akramhatem,faragmousa,hosamelbosily"
1482,15579974,"Archimedes Fagundes Junior","2026-04-09 00:32:45",0.96393,3,afagundesjunior
1483,15527342,xiaofuqing,"2026-04-01 01:02:45",0.96391,2,xiaofuqing
1484,15550110,"Shivraj Dhote","2026-04-14 11:47:37",0.96391,1,shivrajdhote
1485,15590134,eagleed,"2026-04-14 08:24:18",0.96390,2,pruthvish115
1486,15536390,"krishna mohanty","2026-04-06 07:11:40",0.96388,2,krishta95
1487,15626384,"Hari Vijayamohanan","2026-04-16 02:46:28",0.96388,1,harivijayamohanan
1488,15530622,"Chenfei Wang","2026-04-24 00:57:17",0.96388,29,shangshangs
1489,15542834,LLyAries,"2026-04-03 03:21:14",0.96386,1,llyaries
1490,15565194,"Anirban Dutta","2026-04-12 15:02:11",0.96384,16,anirbandutta123
1491,15618460,"Fadhil Awalia Kusuma","2026-04-15 12:32:09",0.96383,3,fadhilawaliakusuma
1492,15559972,"Chandram Dutta","2026-04-05 16:40:10",0.96383,2,chandramdutta
1493,15593816,dd0219,"2026-04-12 04:23:25",0.96379,2,dd0219
1494,15636530,"Harisha A","2026-04-20 20:34:43",0.96378,1,pumarts
1495,15705804,Harshavardhana07,"2026-04-23 17:38:41",0.96378,1,harshavardhana07
1496,15600661,lvyiqi,"2026-04-15 09:27:55",0.96376,19,lvyiqi
1497,15572841,"Basel W Badran","2026-04-09 13:57:27",0.96374,3,baselwbadran
1498,15599827,Satoshi,"2026-04-19 07:49:45",0.96374,3,satoshisumiriko
1499,15638974,m619,"2026-04-18 16:07:46",0.96374,14,miao619
1500,15631572,"Randy Anubis","2026-04-16 16:38:37",0.96370,1,randyanubis
1501,15573206,"Lucas Thompson","2026-04-15 19:10:52",0.96368,5,dlthompson
1502,15527495,darksols,"2026-04-23 12:20:11",0.96365,42,darksols
1503,15564587,"Toma Ana Steliana","2026-04-07 13:46:30",0.96365,7,tomaanasteliana
1504,15569725,AryanThakur7,"2026-04-07 09:08:31",0.96365,1,aryanthakur7
1505,15558890,Nanten,"2026-04-19 00:20:08",0.96365,17,nantenkk
1506,15572059,"Felipe Renck","2026-04-08 10:12:51",0.96364,3,feliperenck
1507,15605524,坂倉健太,"2026-04-16 11:21:08",0.96359,6,kentasaka19
1508,15533519,Zeroos,"2026-04-13 18:15:34",0.96359,47,"ahmedgalal1446,kareemelhossiny,zeyadmahmoud20"
1509,15540458,"Milan Nagy","2026-04-23 19:06:40",0.96359,7,milannagy
1510,15528508,Rasheed,"2026-04-01 22:14:28",0.96356,3,abdulrasheedyusuf25
1511,15554212,"vaishnavi desai","2026-04-14 16:48:11",0.96355,1,vaishnavidesai345
1512,15545673,"Rob Hz","2026-04-09 06:13:51",0.96354,2,bobbyrus
1513,15622405,"Ιωάννης Σταμελιάς","2026-04-21 15:39:30",0.96354,24,giannhsstamelias
1514,15527473,"Caio Julio","2026-04-06 01:31:07",0.96354,11,caiojulio
1515,15583120,"Mehmet Özel","2026-04-19 11:31:08",0.96353,12,mehmetozell
1516,15570510,"Nathan Gaskell","2026-04-07 11:29:21",0.96352,5,nathangaskell
1517,15628740,yasmin112,"2026-04-16 09:38:36",0.96352,1,yasmin112
1518,15628674,"Nazwa Zharifa","2026-04-16 09:50:22",0.96352,1,nazwazharifa
1519,15634713,"Safira Aulia Umais","2026-04-17 01:55:23",0.96352,1,safiraauliaumais
1520,15571506,"Just Code","2026-04-08 10:05:42",0.96351,1,justcode1
1521,15527606,"Taimour Nazar","2026-04-19 07:22:56",0.96351,34,taimour
1522,15619722,sadatch,"2026-04-18 07:47:35",0.96347,4,sadatch
1523,15533047,HorizonByte,"2026-04-16 07:28:06",0.96344,3,hbistechie
1524,15572391,UncleWKTK,"2026-04-07 17:33:18",0.96344,1,unclewktk
1525,15672347,"k240755Amna Ahsan","2026-04-24 12:28:50",0.96344,6,k240755amnaahsan
1526,15542973,"Glen Martin","2026-04-04 16:05:33",0.96342,4,glenemartin
1527,15567453,"Nicky Leung","2026-04-14 03:14:02",0.96341,13,nickyleung
1528,15576886,"Hassan Njwaba","2026-04-10 17:17:14",0.96341,2,hassannjwaba
1529,15613443,"Shubham Khatri","2026-04-16 09:57:29",0.96341,2,redwackyferret
1530,15707724,viratgarg1,"2026-04-23 19:02:02",0.96340,10,viratgarg1
1531,15558374,"Artem Vasilyev","2026-04-05 11:44:18",0.96338,1,atmvsv
1532,15601985,"Fernando Pedroso","2026-04-23 19:54:24",0.96338,17,fmpedroso
1533,15644544,rickzai,"2026-04-20 12:01:53",0.96337,14,rickzai
1534,15582162,xiaosong7,"2026-04-13 09:52:24",0.96335,2,xiaosong7
1535,15581052,"Chinmay D.S","2026-04-14 03:06:18",0.96328,7,chinmayds
1536,15672679,"k240563 Ilsa Ilyas","2026-04-24 11:35:32",0.96327,1,k240563ilsailyas
1537,15646179,Ai,"2026-04-19 16:07:16",0.96326,3,putrighaidatsuroyya
1538,15587595,Vanilla,"2026-04-11 14:19:51",0.96324,1,arnavmohod
1539,15529229,"Predict Irrigation (Renad)","2026-04-06 12:29:16",0.96323,13,"emanahmedzakyomara,rehamharounmousa,tasneemfaisal"
1540,15556191,Henry1531,"2026-04-07 18:25:05",0.96323,5,henry1531
1541,15557550,"Riddhima Deshmukh","2026-04-08 06:45:28",0.96323,3,riddhimadeshmukh
1542,15528226,"Mustapha A","2026-04-02 02:21:47",0.96322,1,mufasa05
1543,15533303,"Ameni Ayedi","2026-04-22 12:53:20",0.96320,3,ameniayedi
1544,15572981,"muhammad Awais Tahir","2026-04-10 13:32:50",0.96319,1,muhammadawaistahir1
1545,15557773,Eltormtace,"2026-04-05 07:46:29",0.96312,2,eltormtace
1546,15537212,"Ankit Nainwal","2026-04-09 10:52:44",0.96312,4,edsheeren
1547,15701242,"Mawavia Safi","2026-04-24 10:02:46",0.96309,5,mawaviasafi
1548,15560575,"Yomna Mahmoud","2026-04-10 17:17:10",0.96308,15,yomnamahmoud
1549,15529307,"arwa thabet","2026-04-10 18:02:43",0.96308,30,"habibasaleh12,salmaabdelhaleem23,yomnaabdulhafiez"
1550,15577281,shaun_4761,"2026-04-14 17:56:31",0.96308,27,shaun4761
1551,15644505,Pippone95,"2026-04-19 21:12:00",0.96308,17,pippone95
1552,15532576,Hanae8B,"2026-04-04 19:54:02",0.96307,8,annaselinabaniakina
1553,15558339,Redim0,"2026-04-06 13:01:00",0.96306,1,redim0
1554,15549872,"aliaa nasr","2026-04-08 08:17:35",0.96305,10,aliaanasr
1555,15531523,"alia naser","2026-04-12 16:08:52",0.96305,27,"dinaadelahmed,reemmassoud,shaimaa500"
1556,15540096,"Aporva Varshney","2026-04-02 18:08:14",0.96292,4,aporvavarshney
1557,15529130,"Tanmay Deshpande","2026-04-07 12:37:37",0.96291,2,tanmay111999
1558,15661187,"Rameen Ramzan","2026-04-24 09:46:35",0.96291,1,rameenramzan
1559,15548286,CL,"2026-04-04 19:30:09",0.96290,2,lichen11
1560,15527799,"[Deleted] e88863b8-836c-40bc-8344-c231d52b9f49","2026-04-01 21:53:43",0.96289,9,del=c629dcf87019fddb
1561,15609210,Viktoriia_1r,"2026-04-24 00:30:53",0.96288,1,viktoriia1r
1562,15560276,"Hwan Ji","2026-04-07 00:57:37",0.96288,3,saturdayynightlive
1563,15541095,"Aman Vishwakarma","2026-04-03 03:26:39",0.96288,1,amanvishwakarma01
1564,15556339,Mikey0075,"2026-04-20 13:23:56",0.96285,1,mikey0075
1565,15577365,"Rahul Mani Datta Talari","2026-04-08 17:16:53",0.96284,2,talaridatta
1566,15609006,"shaurya priyam","2026-04-15 13:01:56",0.96282,4,shauryapriyam
1567,15560371,AaronGinn,"2026-04-17 02:32:05",0.96278,13,asginn
1568,15553933,x,"2026-04-06 10:24:22",0.96278,10,renadahmed28
1569,15660222,Hanashiro_Anzu,"2026-04-22 17:04:02",0.96278,10,hanashiroanzu
1570,15721097,"k240915 Muhammad Shaheer Ahsan","2026-04-24 10:11:59",0.96277,12,mshaheerahsan
1571,15527858,"Vivek Kumar","2026-04-04 14:17:13",0.96275,2,vivekumar001
1572,15590548,"Het Salmawala","2026-04-10 14:23:33",0.96273,2,hetsalmawala
1573,15587963,Deepmitashhu,"2026-04-23 18:23:21",0.96272,5,deeeppmitashhu
1574,15586071,"Illia Zakharov","2026-04-12 20:29:19",0.96271,8,illiazakharov
1575,15648851,jizhou123,"2026-04-22 17:16:02",0.96266,5,jizhou123
1576,15569825,"Muhamad Bahrul Ulum","2026-04-08 08:57:36",0.96265,1,bachroelmagomedov
1577,15531922,"Sirena Alyce","2026-04-15 18:02:59",0.96264,2,sirenaalyce
1578,15533915,"George Kwakye","2026-04-05 11:54:54",0.96264,7,georgekwakye
1579,15528818,"Yashpalsinh Thakor","2026-04-01 09:13:13",0.96262,1,yashpalthakor
1580,15528307,"Mr zhang","2026-04-01 05:34:25",0.96262,1,mrzhang000
1581,15584786,"Sani Amangeldi","2026-04-09 15:57:09",0.96262,1,saniamangeldi
1582,15577521,Alptwo,"2026-04-08 13:47:42",0.96261,1,alptwo
1583,15603417,"Remon Boushra","2026-04-12 21:42:30",0.96258,4,remonboushra
1584,15569480,"Liao Zixu","2026-04-07 09:18:02",0.96256,2,liaozixu
1585,15637016,"Gurbaksh Singh","2026-04-20 14:13:08",0.96256,6,gurusingh1834
1586,15598458,IonutGabriel172,"2026-04-11 17:56:21",0.96255,2,ionutgabriel172
1587,15531433,Abhishek,"2026-04-16 18:08:26",0.96251,8,abhixshek2000
1588,15639392,ats23,"2026-04-22 17:59:48",0.96247,3,ainsley20
1589,15622939,Prakash,"2026-04-18 11:50:20",0.96245,4,mlkash
1590,15627191,RipunjaySharma20,"2026-04-24 12:06:15",0.96245,11,"ripunjaysharma20,shabdsahay"
1591,15529745,"mariko f.","2026-04-23 15:14:27",0.96245,152,marikof
1592,15583431,"Tushar Mukherjee","2026-04-10 07:16:55",0.96244,2,canopusxo
1593,15588343,"Avner Maxwell Lim","2026-04-13 06:13:06",0.96243,3,avnermlim
1594,15545575,"Gehad Abdulaziz","2026-04-04 12:25:40",0.96241,1,gehadabdulaziz
1595,15527362,"Puffy Sparrows","2026-04-05 17:29:26",0.96240,9,"kyosho,lihito"
1596,15527240,"Lakhindar Pal","2026-04-03 18:15:53",0.96235,3,lakhindarpal
1597,15575895,cerXXXX,"2026-04-08 08:33:15",0.96228,2,cerxxxx
1598,15673100,"Sana Munir Alam","2026-04-21 17:44:32",0.96227,1,sanamuniralam
1599,15535848,catzz00,"2026-04-02 08:15:03",0.96227,1,catzz00
1600,15579799,EricInData,"2026-04-17 13:03:57",0.96221,9,ericindata
1601,15586294,"Ayush Upadhyay","2026-04-10 05:21:34",0.96220,1,ayushbharadwaj66
1602,15651977,"zhutao jia","2026-04-19 15:01:59",0.96220,3,zhutaojia
1603,15601272,nookaa,"2026-04-12 08:26:17",0.96220,3,nookaa
1604,15532011,Wrs,"2026-04-21 12:59:13",0.96217,7,wrsarch
1605,15531549,voidknown04,"2026-04-17 16:31:59",0.96216,4,voidknown04
1606,15698868,"Ahmet Kağan Koral","2026-04-24 10:24:25",0.96216,9,kagankoral
1607,15623851,"Ankit Bhattacharjee","2026-04-16 16:09:08",0.96214,12,srabongitikar
1608,15569598,PuChang,"2026-04-09 04:45:26",0.96214,5,dennychang
1609,15584569,"Will Jedrzejczak","2026-04-16 16:34:06",0.96213,3,wjedrz
1610,15567749,sun9sun9,"2026-04-16 08:41:42",0.96211,1,sun9sun9
1611,15560230,"Rewan Wael2","2026-04-12 09:58:56",0.96211,7,rewanwael2
1612,15529308,Amira,"2026-04-13 08:47:33",0.96211,15,"ayaelsaied,engysaw,rewanwael"
1613,15628392,NicholasPLe,"2026-04-16 09:08:17",0.96211,2,nicholasple
1614,15566021,"Hamsa Ahmed","2026-04-11 07:06:09",0.96210,16,hamsaa083
1615,15640138,"Błażej Radzik","2026-04-17 19:42:58",0.96207,1,baejradzik
1616,15527484,KANGKANG_woojin,"2026-04-01 08:34:17",0.96207,3,kangkangwoojin
1617,15567438,"Ian Mager","2026-04-23 21:46:44",0.96206,1,ianmager
1618,15528547,"Gokul S","2026-04-01 09:23:25",0.96204,2,gokulsg01
1619,15556537,atodev,"2026-04-07 00:45:21",0.96203,2,atodev
1620,15586093,"Ahmed, hamsa 1261200184","2026-04-10 13:31:51",0.96203,4,ahmedhamsa1261200184
1621,15547808,"RISHU RAJ","2026-04-03 17:49:43",0.96203,1,rishi412
1622,15634382,"Gabrielle Epelle","2026-04-21 01:50:19",0.96201,3,gabrielleepelle
1623,15608297,"Andrea Bello","2026-04-17 13:48:31",0.96200,29,andreabello
1624,15534902,WaIH,"2026-04-04 07:30:24",0.96199,1,johnsonchen2434
1625,15557036,weia;mf,"2026-04-05 14:35:26",0.96197,4,hsnuntpustatnycumot
1626,15617832,"Mitali Kamal Bagadia","2026-04-16 04:44:59",0.96193,6,mitalikamalbagadia
1627,15684607,"meng changsheng","2026-04-22 06:54:53",0.96193,5,mengchangsheng
1628,15606573,"Juntao Yuan","2026-04-13 09:03:28",0.96192,1,juntaoyuan
1629,15605473,"coke lu","2026-04-14 13:49:32",0.96192,9,cokelu
1630,15729045,tarooba.a_ds,"2026-04-24 12:45:58",0.96191,3,taroobaads
1631,15539473,"Laura Alonso","2026-04-11 15:16:08",0.96190,1,lauraalonso
1632,15559294,"Aya Elsayed","2026-04-13 09:30:13",0.96190,24,ayaelsayed6
1633,15527478,Orange,"2026-04-01 09:50:55",0.96190,2,ou20040313
1634,15601914,MoriData,"2026-04-18 19:48:47",0.96189,3,moridata
1635,15626139,"Atharva Patil","2026-04-16 06:45:41",0.96188,1,atharvapatil1905
1636,15550045,"Gellan Romany #2","2026-04-06 11:15:56",0.96188,17,gellanromanygeorge
1637,15538104,"Gellan Romany","2026-04-11 16:34:43",0.96188,22,"basmaqutb,samaribrahim77,wesamfathymasoudomar"
1638,15529075,"Badal kr. Sharma","2026-04-01 16:18:32",0.96186,1,badalkrsharma
1639,15528239,"Lithole Munangiwa","2026-04-12 00:14:23",0.96179,13,litholemunangiwa
1640,15689929,"Александр Златопольский","2026-04-22 22:28:21",0.96178,2,zlatopol
1641,15664783,"Kevin George","2026-04-24 09:27:43",0.96177,2,darkknight167
1642,15560539,"aya Tehafa","2026-04-06 17:29:31",0.96177,18,ayatehafa
1643,15652987,nebuscar,"2026-04-19 17:38:31",0.96177,1,nebuscar
1644,15533810,"Devansh Bhatt","2026-04-09 19:02:15",0.96177,11,devanshb26
1645,15583514,"KALYAN SAI ATCHI","2026-04-14 08:00:28",0.96177,1,akalyansai
1646,15528292,DataLeakers,"2026-04-04 11:17:49",0.96175,4,"sohanawate,stutis21"
1647,15600455,"koushik upadhyay","2026-04-12 09:24:47",0.96170,2,koushikupadhyay
1648,15528448,"Difta Raditya Pratama","2026-04-03 18:36:22",0.96169,22,diftaradityapratama
1649,15548505,"KRISHNA MAKHIJA","2026-04-08 16:17:26",0.96168,4,krishna15425makhija
1650,15585470,"Nicole Li","2026-04-23 20:16:26",0.96167,11,nicoleli23
1651,15638553,"Saurab Godse","2026-04-22 18:44:02",0.96167,13,"godsesaurab,kundnsingh"
1652,15602729,"Dan Willoughby","2026-04-14 09:50:41",0.96162,19,danwilloughby
1653,15671403,"Faizan Jawaid","2026-04-21 15:36:48",0.96159,2,faizanjawaid
1654,15527980,megatron,"2026-04-01 13:38:43",0.96159,4,mandeepjha16
1655,15606777,"Jaren Figueiredo","2026-04-22 20:07:25",0.96155,15,jarenfigueiredo
1656,15659097,jiayangchua97,"2026-04-20 14:24:43",0.96154,1,jiayangchua97
1657,15609072,WSSJSZCMDR,"2026-04-14 14:09:45",0.96153,15,"pieguo,turingai42,wssjszcmdr"
1658,15709396,"Gorakh Nath Singh","2026-04-23 19:16:17",0.96152,3,gorakhnathsingh
1659,15606192,"Mutia Rahmawati","2026-04-13 12:25:59",0.96151,1,mtarr10
1660,15542256,"Chirag Tutlani","2026-04-07 13:17:12",0.96148,10,chiragtutlani
1661,15540564,earora4,"2026-04-12 16:03:25",0.96148,3,earora4
1662,15528177,Taylor,"2026-04-04 03:20:15",0.96147,8,taytaydavis88
1663,15619749,"Syed Ahmad Rayyan","2026-04-15 14:47:28",0.96145,2,syedahmadrayyan
1664,15605788,Cohermit,"2026-04-21 04:43:47",0.96144,11,cohermit
1665,15554545,"Ivan RomanovDIY","2026-04-22 17:25:53",0.96142,2,ivanromanovdiy
1666,15529426,"Arie Gruber","2026-04-06 21:41:38",0.96142,22,ariegruber
1667,15550338,"kalix,a  Kreator","2026-04-16 11:00:58",0.96139,7,sahityaarya
1668,15529654,灰原裕太郎,"2026-04-07 07:36:59",0.96138,19,haibarayutaro
1669,15598943,"Avaya Thapa","2026-04-23 11:47:57",0.96138,4,avayathapa
1670,15570348,"Grace Ganyilo","2026-04-22 12:54:36",0.96137,7,graceganyilo
1671,15558321,"Victor Bondarev","2026-04-05 17:26:07",0.96135,3,victorbondarev
1672,15671541,mikejovyan,"2026-04-23 20:16:39",0.96134,13,mikejovyan
1673,15595125,"hato bai","2026-04-13 00:36:22",0.96134,11,hatobai
1674,15554036,"Matthew Liew","2026-04-05 16:45:50",0.96134,3,matthewliew
1675,15687297,"Iqra Ashraf","2026-04-24 05:29:19",0.96132,6,iqraashraf207
1676,15661788,"Jiyanshu Dhaka","2026-04-20 22:41:41",0.96132,1,jiyanshudhaka
1677,15582322,"Bilge Saygili","2026-04-18 23:49:32",0.96131,7,bilgesaygili
1678,15527895,"Nikhil Vishwanath","2026-04-01 14:09:19",0.96126,2,nikhilvishwanath
1679,15566012,"seif hassan2001","2026-04-11 15:21:15",0.96126,2,seifhassan2001
1680,15533340,"Akash Pal","2026-04-19 10:44:58",0.96124,1,palakash123
1681,15533670,"Emirhan Kadan","2026-04-24 06:43:34",0.96122,8,emirhankadan
1682,15531513,"Omkar Kashid","2026-04-16 14:19:08",0.96122,3,omkarkashid1168
1683,15528828,J.,"2026-04-16 17:31:37",0.96120,15,xjoannax88
1684,15565565,"Bertrand Pigeon","2026-04-23 14:12:27",0.96117,8,bertrandpigeon
1685,15553106,XiaoYiM,"2026-04-07 13:09:39",0.96117,16,xiaoyim
1686,15589919,yalpha,"2026-04-21 15:11:57",0.96116,23,yusukeimura
1687,15553198,"Aaron Zipp","2026-04-06 18:57:50",0.96115,4,aaron0
1688,15655107,Crescent,"2026-04-24 05:05:02",0.96114,5,fenggaoyang
1689,15559727,"Chuah Jong Sik","2026-04-22 12:56:45",0.96112,19,cjosik
1690,15537272,"Muhammad Umar Kotwal","2026-04-22 09:27:37",0.96112,4,muhammadumarkotwal
1691,15540361,"Muhammad Junaid","2026-04-03 18:51:20",0.96112,1,junaid512
1692,15529199,"Tetsuya Sasaki","2026-04-09 02:59:26",0.96112,5,sasakitetsuya
1693,15527807,"Rajiv Gaba","2026-04-05 04:57:25",0.96111,2,rajivgaba
1694,15527485,"Rohan Sardar","2026-04-16 20:15:47",0.96111,7,rohansardar
1695,15533035,"Uday Sonawane","2026-04-02 01:16:15",0.96111,2,udaysonawane
1696,15630135,IEEM_112034058,"2026-04-16 14:48:31",0.96109,6,jdijgkkn
1697,15618369,"Naomi Ratna Marisaha Guen","2026-04-15 10:05:22",0.96108,3,"adjizahramahdiyyah,guenn4"
1698,15567309,"De Marchi Fabio","2026-04-10 17:07:50",0.96107,6,obiaf88
1699,15605866,liulichiwen,"2026-04-24 09:31:29",0.96107,3,liulichiwen
1700,15528566,KirikITi,"2026-04-09 07:25:43",0.96106,6,kirikiti
1701,15529331,songjiajun,"2026-04-02 00:14:00",0.96105,1,realmadridcr7
1702,15541364,"Muhammed Furkan Savuci","2026-04-18 06:37:40",0.96103,8,muhammedfurkansavuci
1703,15527542,Obzngs,"2026-04-23 12:22:56",0.96103,10,obzngs
1704,15614592,Itpl16,"2026-04-14 14:26:30",0.96101,1,itpl16
1705,15594360,shriji's,"2026-04-11 12:36:32",0.96100,4,opmenariya
1706,15621916,L1tiansuo,"2026-04-16 11:52:58",0.96100,5,l1tiansuo
1707,15611691,GarimaAgarwal0289,"2026-04-21 16:04:50",0.96099,5,garimaagarwal0289
1708,15540553,"Rushi Jhala","2026-04-03 03:18:42",0.96098,8,rushijhala
1709,15545670,Erik.M,"2026-04-03 09:53:20",0.96098,1,harharharhar
1710,15532748,Supremion,"2026-04-02 00:33:39",0.96098,3,supremion
1711,15528237,stpete_ishii,"2026-04-03 16:49:03",0.96097,6,stpeteishii
1712,15527391,"mikan oishii","2026-04-01 04:12:06",0.96097,6,mikanoishii
1713,15531064,"Malco Qoo","2026-04-18 20:31:37",0.96096,21,malcoqoo
1714,15593428,"Suzie Yu","2026-04-24 07:51:03",0.96096,13,suzieyu
1715,15659327,"Yudai Kita","2026-04-23 13:24:19",0.96095,3,yudaikita
1716,15531234,"Yuka,Ota","2026-04-13 16:04:52",0.96094,1,yukaika
1717,15530240,"Samy Ruiz","2026-04-24 12:10:29",0.96094,9,remy2017
1718,15618013,"T, Suehiro.","2026-04-23 23:58:08",0.96094,5,superotk
1719,15660417,"Syed Haziq Hussain","2026-04-24 11:27:13",0.96093,5,syedhaziqhussain
1720,15660285,"Md Sadik Hussain","2026-04-24 05:15:02",0.96093,2,sadiq18
1721,15564314,"Chekhlov Dmitrii","2026-04-11 17:13:29",0.96093,2,zoli800
1722,15609344,"Ashish C","2026-04-13 14:18:29",0.96093,1,ashish0405
1723,15539212,TSPS,"2026-04-04 18:31:06",0.96087,11,carryjason
1724,15652169,"Jose Keh","2026-04-21 01:20:41",0.96086,4,josekeh
1725,15695738,SaadZaidi404,"2026-04-23 12:51:58",0.96086,2,saadzaidi404
1726,15602448,luciferb,"2026-04-18 10:28:49",0.96084,16,luciferbv
1727,15538132,EstebanCRz,"2026-04-02 15:29:01",0.96083,2,estebancrz
1728,15579431,"Shoyb Hasan","2026-04-10 14:04:59",0.96083,2,shoybhasan
1729,15559324,Zero_Av,"2026-04-12 11:55:33",0.96082,12,zeroav
1730,15593729,"sugi 172","2026-04-20 22:20:21",0.96081,14,sugi172
1731,15585800,"Stefan Solomon","2026-04-09 19:23:07",0.96080,2,stefansolomon
1732,15636588,"yankai wu12321","2026-04-21 12:42:35",0.96080,1,yankaiwu12321
1733,15545999,WiktoriaK_321,"2026-04-24 12:51:48",0.96080,1,wiktoriak321
1734,15579560,suzuki-san,"2026-04-24 04:39:33",0.96079,29,mayusuzuki55
1735,15554176,"Dušan Vajda","2026-04-06 10:51:36",0.96078,12,duanvajda
1736,15528813,zfmmymf,"2026-04-05 07:50:56",0.96076,8,zfmmymf
1737,15559577,"Abdullah Al Rafi","2026-04-17 10:16:22",0.96076,13,maars35
1738,15558422,"Todd Gardiner","2026-04-24 01:36:50",0.96076,18,toddgardiner
1739,15572120,"Prety Saha","2026-04-13 06:53:10",0.96076,4,pretysaha
1740,15657703,"imantha viduranga","2026-04-23 09:35:30",0.96074,2,imanthaviduranga
1741,15532726,"Ali Hussan","2026-04-18 09:50:04",0.96074,6,alihussan
1742,15663531,"Kenta Yamada","2026-04-24 10:25:17",0.96074,5,kentayamada624
1743,15533344,"k d","2026-04-17 21:42:26",0.96073,25,dkyrai
1744,15560495,"Lex Perevosikov","2026-04-17 16:40:18",0.96073,12,lexperevosikov
1745,15641387,"Agney Praseed","2026-04-18 22:29:01",0.96073,10,agneypraseed
1746,15527691,fuyo1622,"2026-04-09 16:00:25",0.96073,10,jack10519
1747,15729937,"Anikait Kapoor","2026-04-24 12:58:54",0.96073,4,anikaitkapoor
1748,15629930,SKYER138,"2026-04-22 10:15:44",0.96071,5,skyer138
1749,15587586,"Caiden Matthews","2026-04-14 03:06:13",0.96070,4,caidenmatthews
1750,15538008,WinSentTY,"2026-04-23 11:19:13",0.96070,16,winsentty
1751,15597251,"Tsu,Yu,Luo","2026-04-13 06:37:33",0.96070,18,tsuyuluo
1752,15548556,"Kostas Anthoulis","2026-04-07 13:38:34",0.96069,7,kostasanthoulis
1753,15532293,GryStn,"2026-04-07 23:19:50",0.96067,12,grystn
1754,15608122,"Akmal Nuzulla","2026-04-13 12:35:22",0.96066,1,akmalnuzulla
1755,15595683,Hvanman2code,"2026-04-11 10:35:33",0.96066,6,hvanman2code
1756,15557580,"Md Sani28","2026-04-12 11:10:18",0.96066,3,mdsani28
1757,15644353,"Muhammad Talha Rasheed","2026-04-18 16:27:33",0.96066,4,muhammadtalharasheed
1758,15532282,palpawan12,"2026-04-11 13:51:11",0.96065,2,palpawan12
1759,15530343,Axiom,"2026-04-06 10:43:48",0.96065,11,snjeev
1760,15536883,"Loïc HUANG","2026-04-12 21:53:26",0.96065,12,loichg
1761,15528889,IEEM26_111034012,"2026-04-23 10:04:11",0.96064,14,a111034012
1762,15554957,"Anuj Saha","2026-04-06 19:09:43",0.96064,2,anujsaha0123456789
1763,15579075,"Casey Trudo","2026-04-11 17:10:00",0.96064,30,caseytrudo
1764,15631778,"Ray Cheng","2026-04-24 12:28:32",0.96063,8,raycheng200
1765,15658494,IEEM26_111034062,"2026-04-24 07:54:06",0.96063,8,ieem26111034062
1766,15567176,"Mohd Imran","2026-04-13 20:47:23",0.96062,1,mohdimranm
1767,15630711,loki,"2026-04-17 07:14:53",0.96062,4,lokihaha
1768,15528048,idk,"2026-04-21 08:12:44",0.96062,6,pudispythondev
1769,15568203,"Lin Jianhang","2026-04-22 03:33:58",0.96060,16,linjianhang
1770,15644510,"Zheng Ming","2026-04-20 05:12:19",0.96058,1,mingzhengapple
1771,15532074,"Saad Waseem","2026-04-03 13:09:30",0.96058,2,saadwaseem645
1772,15615179,KoYokoyama,"2026-04-15 07:46:03",0.96058,5,koyokoyama
1773,15528838,julpaa,"2026-04-01 11:26:30",0.96056,2,julpaa
1774,15558856,"girby sa","2026-04-07 12:27:03",0.96055,2,girbysa
1775,15588527,"Alishba Haroon","2026-04-10 07:51:44",0.96054,2,parkemma
1776,15612240,"Chris Li","2026-04-16 15:53:29",0.96053,2,kakuzu
1777,15531192,lycl123,"2026-04-01 14:53:34",0.96053,3,lycl123
1778,15547236,cqverg,"2026-04-12 09:01:02",0.96053,2,cqverg
1779,15723571,"Preston Rozwood","2026-04-24 02:40:23",0.96052,3,prozwood
1780,15586008,"shivam rajput","2026-04-14 18:06:02",0.96051,5,waterx0000
1781,15589713,"Şinasi Atahan Çelenk","2026-04-24 11:49:34",0.96050,2,sinasiatahancelenk
1782,15529245,"zeyad sayed 22","2026-04-11 17:59:44",0.96050,6,zeyadsayed22
1783,15650351,RD13,"2026-04-19 10:33:29",0.96049,1,rohan0101
1784,15575806,"Arif Miah","2026-04-16 17:27:18",0.96049,1,miadul
1785,15545887,BoddaMo,"2026-04-08 12:02:15",0.96048,9,boddamo
1786,15528962,会社用ID,"2026-04-24 04:32:45",0.96048,21,ctxe5gxzme
1787,15664598,"Syed Obaidullah Hassan Chishti","2026-04-21 06:35:29",0.96047,2,obaidullahhasan
1788,15694662,"Tanush Bharadwaj","2026-04-22 09:32:32",0.96046,1,tanushbharadwaj
1789,15537597,Unix58,"2026-04-20 07:34:36",0.96046,4,unix58
1790,15662665,"adrien Mania","2026-04-21 15:51:16",0.96045,9,adrienmania
1791,15707030,"hassan ahmed","2026-04-23 13:56:40",0.96045,4,hassanahmed7459
1792,15598699,"Yusuf Said ÇÖPCÜ","2026-04-12 12:39:32",0.96044,5,yusufsadpc
1793,15527688,"Ryo Asashi","2026-04-01 09:27:06",0.96043,2,negoto
1794,15594749,kaele,"2026-04-18 04:45:29",0.96043,8,jjejevvsu
1795,15577105,k-kuwa987,"2026-04-15 15:16:09",0.96041,6,kkuwa987
1796,15555127,"Raitis Sondors","2026-04-10 13:08:41",0.96041,13,raitissondors
1797,15658208,"Isaac Caton","2026-04-20 13:36:52",0.96041,4,isaaccaton
1798,15610741,"Göktürk Çolak","2026-04-14 20:20:19",0.96040,1,gokturkcolak
1799,15536507,"Siddartha P","2026-04-07 19:27:04",0.96040,4,siddartha4
1800,15530101,RavikumarRengachari,"2026-04-06 16:10:16",0.96039,3,rrengachari
1801,15659116,nemoirisgurl,"2026-04-23 15:04:48",0.96039,7,nemoirisgurl
1802,15528142,Catadanna,"2026-04-01 11:28:11",0.96039,6,catadanna
1803,15540500,MarkyTMark,"2026-04-12 10:36:52",0.96039,3,markytmark
1804,15539946,"Kevin Zhou","2026-04-02 16:59:46",0.96038,1,kevinzhou66
1805,15626567,lixaaa,"2026-04-20 08:56:09",0.96038,4,lixaaa
1806,15551427,酒井優音,"2026-04-18 03:40:37",0.96037,16,yutorobo1202
1807,15672964,"k230740 Syed Ammar Ali","2026-04-23 10:50:28",0.96037,5,k230740syedammarali
1808,15592757,"Rodrick Mpofu","2026-04-12 07:01:21",0.96037,2,rodrickmpofu
1809,15672826,"k232006 Mehak Dhuka","2026-04-23 20:44:11",0.96037,3,k232006mehakdhuka
1810,15648640,"CEREN RANA ÖZDEMİR","2026-04-20 21:45:43",0.96037,2,cerenranazdemr
1811,15632071,"Kalana Supun","2026-04-17 19:39:15",0.96037,2,kalanasupun
1812,15583850,"Ishan Banerjee","2026-04-09 14:09:36",0.96036,5,ishanbanerjee314
1813,15597589,"عبد الحميد علي بالي","2026-04-24 08:35:20",0.96036,5,amid88
1814,15578778,"ADOLF FAUSTINE","2026-04-17 15:36:22",0.96036,19,adolffaustine
1815,15692648,y.hasebe,"2026-04-24 07:54:21",0.96035,4,yhasebe
1816,15602786,"Ayush Pancholii","2026-04-20 08:44:45",0.96035,14,ayushpancholii
1817,15718742,"Piush Adhikari","2026-04-23 13:48:02",0.96035,2,piushadhikari
1818,15642237,"Sai Sanjay Devi","2026-04-18 06:50:16",0.96035,4,saisanjaydevi
1819,15588287,reflexxyz,"2026-04-11 06:38:47",0.96034,2,reflexxyz
1820,15610015,"Christine Wu","2026-04-23 00:53:21",0.96034,5,christinewedu
1821,15652363,__РЕНЕССАНС__,"2026-04-22 18:38:37",0.96034,1,butakovmax
1822,15629069,PD120W,"2026-04-16 11:54:41",0.96034,5,pd120w
1823,15531813,わんこ,"2026-04-04 10:03:03",0.96034,5,nnksproto
1824,15528171,"MD Ibrahim Khalilullah","2026-04-24 10:34:21",0.96033,3,ibrahimkhalilullah22
1825,15538289,"GRISS HARRIS DENNIS","2026-04-14 11:52:24",0.96033,11,grissharrisdennis
1826,15530341,xixi013X,"2026-04-01 12:11:49",0.96033,2,xixi013x
1827,15614464,"Yash Garg","2026-04-19 16:23:08",0.96032,8,yashgargprogrammer
1828,15618670,"Syahwiza Dean","2026-04-22 12:28:44",0.96032,13,syahwizadean
1829,15569200,"Bhimani Bhavik","2026-04-07 20:40:35",0.96032,5,bhimanibhavik
1830,15665087,"ANKIT AGARWAL","2026-04-21 23:47:25",0.96031,9,ankwall223
1831,15545686,"Sumit Sarkar","2026-04-20 17:26:00",0.96030,8,sumitsarkar969
1832,15681756,"Jun Peng","2026-04-22 19:21:13",0.96030,7,pengjun
1833,15659970,"Farhodjon Ergashov","2026-04-21 03:37:39",0.96030,2,farhodjonergashov
1834,15597211,"CG Kishore","2026-04-21 05:27:46",0.96030,3,cgkishore
1835,15613183,harshalchaudhari7,"2026-04-15 06:38:00",0.96029,2,harshalchaudhari7
1836,15591442,"Ethan Schultz","2026-04-12 23:40:00",0.96029,30,ethanschultz5
1837,15594731,KarenSYL,"2026-04-11 19:25:55",0.96029,2,karensyl
1838,15571560,"Abhishek Tripathi","2026-04-07 15:23:23",0.96029,1,abhtri2009
1839,15527402,"Katsutaka Sakimori","2026-04-16 23:02:20",0.96029,5,katsutakasakimori
1840,15721238,"Abhinav Raj","2026-04-23 20:09:48",0.96029,8,abhinavrajxd
1841,15529711,秘偶agi,"2026-04-03 12:30:16",0.96028,20,miouagi
1842,15558491,"Shubham Bisht","2026-04-21 03:41:49",0.96027,1,nihshu
1843,15567409,"MASAAKI NAGAMATSU","2026-04-22 18:05:27",0.96027,19,usermaname1
1844,15538360,NagaKoba,"2026-04-08 02:11:23",0.96027,2,nagakoba
1845,15617446,"Alex Caim","2026-04-22 17:02:59",0.96027,5,alexcaim
1846,15532785,"Arin Tripathi","2026-04-07 16:51:45",0.96026,11,arintripathi
1847,15565186,"Kaisei Kikuchi","2026-04-08 07:24:30",0.96026,2,kaiseikikuchi
1848,15645844,IEEM26_112034031,"2026-04-23 16:21:23",0.96025,27,thomas940828
1849,15570299,"Abhyudai Tiwari","2026-04-18 12:14:48",0.96025,14,abhyudaitiwari
1850,15606002,"Gian Alharitz","2026-04-13 15:47:02",0.96024,1,gianalharitz
1851,15622150,"Shivam #2","2026-04-20 09:20:25",0.96023,15,sg0007
1852,15576118,"kudom Kouhh","2026-04-16 08:17:16",0.96023,8,kudomkouhh
1853,15614436,"Yogesh Jadhav","2026-04-20 04:48:05",0.96023,9,dynamo14324
1854,15626513,"sumit kalamkar","2026-04-21 17:15:57",0.96022,2,sumitkalamkar
1855,15704661,"Akradech Laochindawatn","2026-04-23 10:03:46",0.96022,3,akradechl75
1856,15663250,Pomeraniann,"2026-04-23 04:55:12",0.96022,4,pomeraniann
1857,15638206,amolwani2,"2026-04-18 01:01:01",0.96022,8,amolwani2
1858,15642204,"DGS Source Finding","2026-04-19 03:08:49",0.96022,8,"eddiebean31,finngreg,stasstas2"
1859,15530745,LuShadow,"2026-04-02 05:37:17",0.96021,1,lushadow
1860,15578672,"Amal Jayaprakash","2026-04-10 08:31:37",0.96020,5,amaljayaprakash2007
1861,15527583,Zhenrui.Weng,"2026-04-08 14:25:18",0.96020,2,zhenruiweng
1862,15651988,"Alireza Minagar","2026-04-19 14:20:07",0.96020,2,alirezaminagar
1863,15722469,"Jerry Barnes Wang","2026-04-24 08:17:05",0.96019,10,jerrybarneswang
1864,15546344,"Rohit #2","2026-04-04 16:02:40",0.96019,1,rohitv18
1865,15603469,"Tomer Zipori","2026-04-12 17:40:44",0.96019,1,tomerzipori
1866,15619405,Hello39,"2026-04-21 11:09:49",0.96018,1,hello39
1867,15558288,"Toshiya Asai","2026-04-16 14:43:09",0.96018,3,toshiasa
1868,15551515,"Will Coleman","2026-04-10 17:25:51",0.96018,6,willcoleman
1869,15586843,"Alexander Kalnin","2026-04-14 20:17:23",0.96017,1,alexk317
1870,15704174,"Jessica Fairley","2026-04-23 06:12:22",0.96017,2,jlfairley
1871,15730333,"Abdullah Nasim","2026-04-24 11:51:44",0.96017,1,abdullahnasim
1872,15528172,Jensen,"2026-04-01 05:10:03",0.96017,1,chenjingkang
1873,15560083,Ghritachi,"2026-04-12 02:54:58",0.96017,8,ghritachi
1874,15564057,"Stas Chereshkevich","2026-04-17 13:44:55",0.96017,5,staschereshkevich
1875,15530839,Yoshi,"2026-04-04 06:57:34",0.96016,1,yoshinorisugita
1876,15531464,ChrisK321,"2026-04-04 02:22:12",0.96016,10,chrisk321
1877,15677876,RyuenK,"2026-04-23 20:30:31",0.96016,6,ryuenk
1878,15656877,"Konno Ryoya","2026-04-20 14:01:53",0.96016,1,konnoryoya
1879,15667583,JiEunA1,"2026-04-22 11:43:07",0.96015,1,jieuna1
1880,15531957,IEEM26_110034059,"2026-04-02 19:43:25",0.96015,7,shark1008
1881,15570127,"Raphael Caillon","2026-04-07 12:55:35",0.96014,1,raphaelcaillon
1882,15539698,"Kunal Tyagi","2026-04-07 07:27:23",0.96014,7,kunaltyagi1806
1883,15592082,"Harsh Raj","2026-04-10 20:33:02",0.96014,1,harshtruth
1884,15593048,"Austin Muelrath","2026-04-23 06:46:52",0.96013,3,austinmuelrath
1885,15624931,"Felipe Braghetto","2026-04-17 17:34:45",0.96013,2,felipebraghetto
1886,15535470,"Nakamura Masayoshi","2026-04-02 03:47:47",0.96013,3,nakamuramasayoshi
1887,15599639,"Kareem Khaled","2026-04-12 15:59:29",0.96012,2,kareem1khaled2kamel3
1888,15579627,"Shetye Rahul","2026-04-08 21:10:32",0.96012,1,shetyerahul
1889,15729538,"k240908 Zahra Siddiqui","2026-04-24 12:25:11",0.96011,2,k240908zahrasiddiqui
1890,15622595,Kaito,"2026-04-20 02:32:38",0.96011,7,barelystemkun
1891,15553804,leewooseok547,"2026-04-04 11:39:29",0.96011,3,leewooseok547
1892,15529775,"Pranjal ","2026-04-02 18:24:41",0.96010,4,pranjal151206
1893,15590773,"Артём Морозов","2026-04-22 19:01:41",0.96010,17,reresoft
1894,15656642,"Sudhanshu Tiwari","2026-04-24 12:07:32",0.96010,3,sudhanshu1st
1895,15587146,"Corey Michaud","2026-04-12 13:02:13",0.96010,6,coreymichaud
1896,15628598,"mehela mariyo","2026-04-16 20:13:26",0.96010,5,mehelamariyo
1897,15601181,xishouye,"2026-04-19 08:28:50",0.96010,6,xishouye666
1898,15528862,Shayer,"2026-04-08 17:59:32",0.96009,13,jawadhasan606
1899,15572777,"Fatma Sönmez","2026-04-07 18:36:08",0.96009,1,fatmasnmezyzseven
1900,15637185,"Andrei Paulavets","2026-04-22 17:29:45",0.96009,8,andreipaulavets
1901,15580080,"Fábio Santos","2026-04-09 02:27:24",0.96008,2,fabiosantos3983
1902,15651169,"Pedro FG Soares","2026-04-20 13:19:25",0.96007,4,pedrofgsoares
1903,15608096,pyrex_123,"2026-04-21 14:06:39",0.96007,7,pyrex123
1904,15590944,"LEVAN KANKADZE","2026-04-12 17:44:38",0.96007,1,synchrocyclotron
1905,15563750,Sigeward,"2026-04-11 03:19:05",0.96007,4,sigeward
1906,15721560,"Seif Ahmed","2026-04-23 20:22:06",0.96005,3,seifhamadd
1907,15555726,"Aqiba Farman","2026-04-24 11:17:49",0.96005,1,aqibafarman
1908,15704728,"Red Rudolf","2026-04-23 04:03:37",0.96005,1,redrudolf
1909,15651660,"Supriya Mandal","2026-04-19 15:22:51",0.96005,2,supriyamandal1221
1910,15580384,"Ayush Mukherjee","2026-04-24 02:52:09",0.96005,32,terminator32
1911,15583982,Yuriplot,"2026-04-09 16:21:02",0.96005,4,yuriplot
1912,15539960,"Nkosana Chirokoto","2026-04-20 19:58:41",0.96004,11,nkosanachirokoto
1913,15563999,"Niharika tyagi","2026-04-11 16:11:43",0.96004,2,nihhshu
1914,15545488,"Waseem Shammut","2026-04-05 13:21:20",0.96004,2,waseemshammut
1915,15528596,bluesky223,"2026-04-04 00:17:13",0.96004,11,bluesky223
1916,15722082,"Harsh Maghnani","2026-04-24 10:05:21",0.96003,4,harshmaghnani01
1917,15530857,Lucassouzameirelles,"2026-04-12 14:21:15",0.96003,2,lucassouzameirelles
1918,15637660,Janeooo,"2026-04-24 11:49:41",0.96003,4,janeooo
1919,15723424,bvmbuch,"2026-04-24 00:38:25",0.96003,1,jakubbambuch
1920,15565239,"Jan Cieslinski","2026-04-07 19:45:55",0.96003,3,jancieslinski
1921,15637453,AleNic,"2026-04-18 10:19:05",0.96003,3,alenic
1922,15571174,ISU_AI4SG,"2026-04-24 10:18:42",0.96002,1,"basharertorer,berktnn,meltemelik"
1923,15535820,Shikhar818,"2026-04-21 11:09:03",0.96001,2,shikhar321
1924,15565890,"Youssef Mohamed Salem","2026-04-07 15:27:46",0.96001,5,youssefmohamedsalem
1925,15533350,Haakon,"2026-04-11 20:33:13",0.96001,3,haakonandresen
1926,15538690,"Deep Divas","2026-04-09 20:52:48",0.96001,18,"alaafarid,haneensamra,noraabdelhalim"
1927,15653017,"Heitor Mendes Netto","2026-04-19 19:09:40",0.96000,5,heitormendesnetto
1928,15536846,wenyu3322,"2026-04-17 17:44:52",0.96000,4,wenyu3322
1929,15590813,"D-HEMANT PUJARI- 31","2026-04-12 10:43:32",0.96000,1,dhemantpujari31
1930,15722199,"Harsh Jain","2026-04-23 21:17:44",0.95999,10,harshjain123
1931,15556040,"RODNEY MAWERO","2026-04-23 14:20:29",0.95999,15,rodneymawero
1932,15606370,"Brian Frisco S","2026-04-13 10:02:36",0.95998,2,brianfrisco
1933,15608841,"Brian Frisco S #2","2026-04-13 12:45:34",0.95998,1,brianfriscos
1934,15608918,"Cokiess Sinbm","2026-04-13 12:46:57",0.95998,1,cokiesssinbm
1935,15625011,"Kelly O","2026-04-23 05:33:12",0.95998,8,ohatakm
1936,15579408,"Kryštof Tomsa","2026-04-17 19:07:57",0.95998,2,krytoftomsa
1937,15623200,_V0ID11_,"2026-04-16 12:09:00",0.95997,9,v0id11
1938,15558474,"Miroslav Nikolic OPIT","2026-04-10 16:41:40",0.95997,2,miroslavnikolicopit
1939,15612183,"Sydney D'Amaddio","2026-04-14 19:03:43",0.95997,1,sydneydamaddio
1940,15605173,"Mosab Elsadig","2026-04-14 16:56:40",0.95995,5,mosabelsadig
1941,15606112,"Giva Putri","2026-04-13 11:39:43",0.95995,3,givaputri
1942,15635099,"ANDIKA PRASTYA second","2026-04-19 07:12:05",0.95995,4,andikaprastyasecond
1943,15648164,"Mikael Marcondes","2026-04-20 19:39:09",0.95994,6,mikaelmarcondes
1944,15596005,"Hamza Nazim Siddiqui","2026-04-20 16:30:04",0.95993,8,"dakshmenaria,dtdoww,yuvanshudadhich"
1945,15572018,"Abdelhafid Ammari","2026-04-07 17:57:32",0.95993,1,abammari
1946,15723138,"Shehryar Rafiq11","2026-04-23 22:13:17",0.95992,2,shehryarrafiq11
1947,15527416,Gregoooh,"2026-04-15 18:18:57",0.95992,2,gregoooh
1948,15528086,shinchisaito,"2026-04-24 05:02:06",0.95991,7,shinchisaito
1949,15699638,"k232049 Kashaf Jawed","2026-04-22 16:18:55",0.95991,4,k232049kashafjawed
1950,15545035,Kazoric,"2026-04-23 16:41:56",0.95991,5,kazoric
1951,15689534,k232003,"2026-04-22 06:21:27",0.95990,2,k232003
1952,15709151,ahmedrazakazim,"2026-04-23 11:50:51",0.95990,5,ahmedrazakazim
1953,15527795,"swapnamoy garai","2026-04-07 08:43:01",0.95990,24,swapnamoygarai
1954,15667355,"Shanujya Mishra","2026-04-24 09:18:25",0.95989,2,shanujyamishra
1955,15562951,okgo4,"2026-04-06 06:58:53",0.95989,3,okgo44
1956,15566671,gowtham-dd,"2026-04-06 19:42:48",0.95989,2,gowthamdd
1957,15701012,"k240696 Ali Hasnain","2026-04-23 07:58:49",0.95988,3,k240696alihasnain
1958,15723696,Liang_WX,"2026-04-24 01:53:20",0.95988,1,liangwx
1959,15527631,Marius,"2026-04-23 22:43:17",0.95987,26,mariusborel
1960,15592482,"Tiyasa Roy","2026-04-14 16:35:29",0.95987,1,tiyasaroy1998
1961,15556264,Nicola1997,"2026-04-04 22:32:45",0.95986,2,nicola1997
1962,15644785,Charm9643,"2026-04-18 11:13:32",0.95986,1,charm9643
1963,15653458,Akshitkumar408,"2026-04-20 08:27:18",0.95986,1,akshitkumar408
1964,15530061,"Taranisen Naik","2026-04-05 10:50:16",0.95985,3,taranisennaik
1965,15587698,"Nicholas Andrison","2026-04-14 15:21:59",0.95984,3,nicholasandrison
1966,15591640,"Muhammad Huzaifa Gohar","2026-04-16 04:30:18",0.95984,3,muhammadhuzaifagohar
1967,15675617,k232053,"2026-04-21 21:13:45",0.95984,2,k232053
1968,15636338,IEEM26_111034002,"2026-04-24 08:28:07",0.95984,1,s111034002
1969,15723011,MohammedIrfan10,"2026-04-24 00:08:01",0.95984,3,mohammedirfan10
1970,15663573,"Ian L","2026-04-22 16:44:49",0.95984,3,ianleonardo
1971,15528633,"Tsyban Valery","2026-04-07 13:36:31",0.95983,2,tsybanvalery
1972,15672806,"k240863 Talal Ali","2026-04-24 12:33:24",0.95983,7,k240863talalali
1973,15557202,pyjamaninja,"2026-04-05 16:09:46",0.95982,2,pyjamaninja
1974,15707920,"Trần Minh Hiếu","2026-04-23 10:33:29",0.95982,2,tminhhieu
1975,15551791,"酒井優音 #2","2026-04-04 03:59:21",0.95981,4,yutosakaisakai
1976,15691891,"alfonso j perez","2026-04-22 12:25:43",0.95981,8,alfonsojperez
1977,15528939,_swa___,"2026-04-23 15:35:17",0.95981,12,swathivenugopal
1978,15549653,"Buhari Shehu","2026-04-04 16:21:21",0.95981,3,buharishehu
1979,15560800,"SYED HANZALA ALI SHAH","2026-04-07 09:31:55",0.95981,4,syedhanzalaalishah
1980,15532896,"Aashray Khairnar","2026-04-04 18:34:33",0.95981,2,aashraykhairnar
1981,15636137,sridhar,"2026-04-17 18:59:44",0.95981,2,sricool10
1982,15527308,NHANGIOI,"2026-04-02 15:09:42",0.95981,1,nhangioi
1983,15619738,N1cky11,"2026-04-15 11:50:13",0.95981,2,n1cky11
1984,15600354,rahulb26,"2026-04-13 00:48:49",0.95981,3,rahulb26
1985,15531426,"Awel Abubekar","2026-04-21 17:36:29",0.95980,5,awelabubekar
1986,15537352,"Đức Minh Phạm","2026-04-06 02:18:17",0.95980,2,souriss
1987,15535958,Bob,"2026-04-21 02:25:27",0.95980,5,robertpatchin
1988,15566214,vlaxxxd,"2026-04-06 21:34:57",0.95980,2,vlaxxxd
1989,15604635,"Diya Patel","2026-04-23 01:05:17",0.95980,4,diyajpatel
1990,15621876,下村研吾,"2026-04-20 10:15:50",0.95980,1,hitairyo
1991,15532253,ML1bra,"2026-04-02 17:43:59",0.95979,4,ml1bra
1992,15552424,"ANUSHKA PHOOKAN","2026-04-04 07:45:30",0.95979,2,anushkaphookan
1993,15529278,m,"2026-04-10 16:19:44",0.95979,28,"samaribrahimmahmoud,tokamustafa,wessameldeeb44"
1994,15667406,"Zwei Kag","2026-04-23 05:46:49",0.95978,4,zweikag
1995,15701508,"DHRUV GARG 23408","2026-04-23 14:31:11",0.95978,1,dhruvgarg23408
1996,15670250,"Ashiq Firoz","2026-04-21 11:20:02",0.95978,1,ashiqfiroz
1997,15544402,"Ashish Jadia","2026-04-03 12:58:40",0.95978,5,ashishjadia
1998,15655385,Trimsky,"2026-04-23 05:12:15",0.95977,16,trimsky
1999,15533305,"Rafay Ahmad Raza","2026-04-04 16:34:26",0.95977,9,rafayahmadraza
2000,15607890,kakakakakakaka123,"2026-04-13 09:41:03",0.95976,3,kakakakakakaka123
2001,15635374,rabaa28,"2026-04-24 04:57:32",0.95975,4,rabaa28
2002,15721265,"Abdul Wasay Kalim","2026-04-24 10:40:38",0.95975,3,abdulwasaykalim
2003,15550208,"Sarthak T","2026-04-06 13:21:15",0.95975,1,lypeorge
2004,15664971,jesmidd,"2026-04-22 13:37:41",0.95974,6,jesmidd
2005,15551594,calico,"2026-04-19 15:31:36",0.95974,3,nna777
2006,15722699,"k240768 Samiya Khan","2026-04-24 08:37:25",0.95974,4,k240768samiyakhan
2007,15552999,maven-72,"2026-04-05 21:19:13",0.95973,8,shreyabhatt27
2008,15658570,RishanLant0745,"2026-04-24 12:01:03",0.95973,11,rishanlant0745
2009,15730559,"Sohel Mujawar","2026-04-24 11:18:20",0.95973,1,sohelmujawar
2010,15691798,initinit222,"2026-04-22 11:00:23",0.95972,1,initinit222
2011,15638691,"Aishwarya Bhatnagar","2026-04-17 16:30:38",0.95971,6,aishwaryabhatnagar
2012,15538936,"Mohsen m. HamadnaAllah","2026-04-13 18:12:05",0.95970,29,"abdallahmohamed500,michaelmagdy244,mohsenmhamadnaallah"
2013,15590496,Seethalakshmi,"2026-04-17 12:13:30",0.95970,3,seethanellai
2014,15559366,"Vincentius Leonanda Prabowo","2026-04-20 09:57:10",0.95970,2,vincentius1013
2015,15554802,Simarlar,"2026-04-11 15:32:23",0.95969,3,simarlar
2016,15553499,"Nikhil Chauhan02","2026-04-04 16:47:38",0.95969,4,nikhilchauhan02
2017,15548297,"Thomas Meißner","2026-04-21 03:22:16",0.95969,6,thomasmeiner
2018,15581911,"TOSHITAKA TAMURA","2026-04-12 08:51:01",0.95969,10,toshitakatamura
2019,15631526,"Chinmaya  Kumar Sa","2026-04-17 16:32:43",0.95969,6,chinmayakumarsa
2020,15584206,"Barış Edin","2026-04-14 17:41:44",0.95968,6,baredin
2021,15610313,"Mansehaj Preet","2026-04-13 16:52:22",0.95967,1,sehaj1104
2022,15532850,Rohïth,"2026-04-10 19:35:45",0.95967,4,reddyrohith
2023,15601642,Sarthak914,"2026-04-22 05:36:04",0.95967,5,sarthak914
2024,15564882,fetastein,"2026-04-06 17:43:23",0.95966,3,sybukstein
2025,15565208,gerobw,"2026-04-06 14:50:14",0.95966,1,gerobw
2026,15643954,ycrows,"2026-04-18 16:00:14",0.95966,1,ycrows
2027,15528829,suyapoom.ch,"2026-04-13 10:59:22",0.95966,2,suyapoomch
2028,15610298,"Ayman _Khan","2026-04-17 12:02:16",0.95966,8,aymankhan555
2029,15598647,Chrisjx,"2026-04-12 11:42:32",0.95965,3,chrisjx
2030,15537614,"George Panaretou","2026-04-24 11:10:56",0.95965,1,georgepanaretou
2031,15641276,"Yuki Ino","2026-04-21 12:14:29",0.95965,2,yukiino
2032,15688084,"Rajan Layugan","2026-04-23 19:11:40",0.95964,2,rajanlayugan
2033,15707848,"Saka Nabil","2026-04-23 08:59:41",0.95963,1,sakanabil
2034,15615351,"Gaurav Pathak","2026-04-14 18:50:41",0.95963,1,gauravpathakml
2035,15559340,huashuo6975,"2026-04-14 02:37:14",0.95963,2,huashuo6975
2036,15631952,vishalrelan1\,"2026-04-17 03:31:25",0.95963,4,vishalrelan1
2037,15547840,"Tushar Bhardwaj","2026-04-03 14:37:58",0.95963,2,tusharbhardwaj0409
2038,15583315,"Gunjan Sarkar","2026-04-11 05:54:00",0.95962,11,gunjangrunge
2039,15731077,"Syed Muhammad Sarim","2026-04-24 12:52:22",0.95962,2,syedmuhammadsarim11
2040,15616107,"Adison Simanullang","2026-04-14 15:47:27",0.95962,2,adisonsmn
2041,15590520,"Malo TESSE","2026-04-10 14:12:48",0.95961,2,malotesse
2042,15593033,georgeinparis,"2026-04-15 13:43:57",0.95961,1,georgeinparis
2043,15529778,sjtlb,"2026-04-05 19:00:46",0.95961,3,salahtaleb
2044,15695480,"Gautam Shah","2026-04-22 11:12:56",0.95960,2,gautamshah1404
2045,15610889,"Peter Mazolewski","2026-04-21 06:12:23",0.95960,5,petermazolewski
2046,15533513,"Rikuto Takeuchi","2026-04-01 21:05:11",0.95960,1,rikutotakeuchi
2047,15560363,Keira_in_the_Loop,"2026-04-06 13:25:27",0.95960,2,keiraintheloop
2048,15541830,quezalt,"2026-04-03 00:38:33",0.95960,2,quezaltendes
2049,15675425,"Hassan Mustafa","2026-04-24 11:21:34",0.95960,9,hassanmustafa5253
2050,15724946,"Mohammad Ahzam Hassan ","2026-04-24 06:39:18",0.95960,2,mohammadahzamhassan
2051,15535689,gidler,"2026-04-02 13:22:20",0.95959,3,gidler
2052,15541475,"Ulises M.","2026-04-03 22:17:43",0.95959,4,ulisesmontoyacanales
2053,15528441,"Pratyush Sahu","2026-04-13 22:05:38",0.95959,3,pratyushsahu737
2054,15617524,"Tyler Roberts","2026-04-22 23:39:03",0.95958,2,tylerroberts4
2055,15611076,Murppp,"2026-04-13 20:30:50",0.95958,4,murppp
2056,15573164,iSweaRs,"2026-04-12 11:12:58",0.95958,4,iswears
2057,15563992,dookada,"2026-04-08 01:56:09",0.95958,1,dookada
2058,15720102,"Murtaza Hunaid","2026-04-24 07:19:57",0.95958,4,murtazahunaid
2059,15527274,"Chirel Chi","2026-04-09 11:11:01",0.95958,6,chirelchi
2060,15544855,"Dairy Form","2026-04-08 15:44:53",0.95958,2,dairyform
2061,15530202,"Kimura Fumiya","2026-04-23 14:55:29",0.95957,18,kimurafumiya
2062,15631244,Ravi_gkp_26,"2026-04-16 17:20:01",0.95957,2,ravigkp26
2063,15567668,"Celine Nugroho","2026-04-15 07:15:03",0.95957,5,celinenugroho
2064,15619471,"SHIV KUMAR","2026-04-15 15:59:32",0.95957,3,shiv2k
2065,15559703,"Utpal Barua","2026-04-05 19:52:17",0.95956,1,utpalbarua
2066,15569559,"Emmanuel Amissah","2026-04-09 20:17:24",0.95955,1,amissah452
2067,15561157,"Mahmoud Badr Zidan","2026-04-07 18:27:55",0.95953,5,mahmoudbadrzidan
2068,15572708,"Garrick C.P.","2026-04-08 20:09:45",0.95953,9,garrickchinnis
2069,15704786,"ears glee","2026-04-23 02:36:48",0.95953,1,earsglee
2070,15718794,YunkaiWang,"2026-04-23 14:49:24",0.95953,2,bl1166e
2071,15534248,"Luisa Ramirez12","2026-04-02 16:03:01",0.95952,1,luisaramirez12
2072,15564853,"RYOTA MORIMOTO","2026-04-13 15:01:03",0.95951,8,ryotamorimoto
2073,15568942,GuangDaPeng,"2026-04-15 02:30:43",0.95951,6,guangdapeng
2074,15614216,Munish_4567,"2026-04-19 13:40:04",0.95949,2,munish4567
2075,15527600,"Steve Sojan","2026-04-14 09:35:03",0.95948,7,stevesojan
2076,15712890,HashirBAli,"2026-04-23 12:42:36",0.95948,3,hashirbali
2077,15538247,"Abhishek Gupta","2026-04-05 17:38:33",0.95948,12,abhishekgupta56447
2078,15536787,Pr1ya2012@,"2026-04-02 09:42:42",0.95947,1,pr1ya2012
2079,15589064,Haja_01,"2026-04-24 12:34:19",0.95947,11,haja01
2080,15647422,Enverque,"2026-04-18 20:26:47",0.95947,1,himanshuve
2081,15582352,Gen,"2026-04-09 13:03:09",0.95946,5,geneeic
2082,15618424,"Risky Alfienda","2026-04-15 08:32:25",0.95946,2,riskyalfienda
2083,15531684,"Rohan Dsouza","2026-04-13 16:17:12",0.95946,1,rohandsouza003
2084,15624274,"Alexa Dandridge","2026-04-22 05:11:19",0.95945,5,alexadandridge
2085,15560313,"YAJAT PAWAR","2026-04-13 14:17:46",0.95945,5,yajatpawar
2086,15558309,"Murat Oğurlu","2026-04-05 10:10:16",0.95945,3,muratourlu
2087,15565900,"[MFTIDS] Maiia Kotyga","2026-04-13 15:54:34",0.95944,8,mayyakotyga
2088,15565911,"Сергей Куриленко","2026-04-06 16:46:53",0.95944,5,zergius1988
2089,15603704,"Diogo Silva","2026-04-12 23:19:58",0.95944,2,diogogsilva1
2090,15702022,"Gotam Kumar","2026-04-22 19:13:15",0.95944,1,gotamk786
2091,15541318,ivan_frolov,"2026-04-04 14:58:01",0.95943,6,ivanfrolovs
2092,15617560,"Dirks W","2026-04-23 09:24:08",0.95943,4,dirksw
2093,15606199,"Aditiya Kusuma","2026-04-13 15:13:50",0.95943,1,aditiyakusuma
2094,15606682,"Tharuka Pavith","2026-04-15 15:34:03",0.95943,1,th4ruka
2095,15610664,"MARTINS ADEGBAJU","2026-04-16 19:36:42",0.95942,5,adegbaju
2096,15628709,"Cuia-Chun Wu","2026-04-16 08:07:57",0.95942,1,cuiachunwu
2097,15582901,sandrinoco,"2026-04-10 07:29:06",0.95941,1,sandrinoco
2098,15585108,"Ziad Roshdy","2026-04-14 21:45:14",0.95940,4,ziadzika
2099,15628211,"Jared Chang","2026-04-22 13:00:08",0.95940,10,jaredchang
2100,15533456,"John Meslow","2026-04-17 19:37:41",0.95939,3,johnmeslow
2101,15626727,"Trevor Jhou","2026-04-23 14:21:01",0.95939,4,trevorjhou
2102,15639967,"Nat Merz","2026-04-19 14:03:06",0.95939,2,beisha23
2103,15583220,耶✌,"2026-04-09 14:26:13",0.95939,1,qifeihhh666
2104,15541201,"R@chel Li","2026-04-23 02:02:54",0.95938,9,qiushil1
2105,15589745,"Yerassyl Sailaubay","2026-04-15 08:51:49",0.95938,1,yerassylsailaubay
2106,15661173,"MANOPRASAD V 231501095","2026-04-20 19:32:04",0.95938,1,manoprasadv231501095
2107,15602833,"shashank pallekhadi","2026-04-14 10:10:33",0.95938,3,shashankpallekhadi
2108,15550053,moonpole,"2026-04-05 18:48:08",0.95938,2,zayyyy
2109,15637463,Siddharth_Garg2209,"2026-04-18 11:37:28",0.95938,14,siddharthgarg2209
2110,15624642,"Tyler Wolf Williams","2026-04-24 00:31:45",0.95937,4,tylerwolfwilliams2
2111,15579933,BlueFlame202,"2026-04-14 03:10:06",0.95937,9,aathreyakadambi
2112,15671255,"Syed Affan Basit","2026-04-22 16:45:53",0.95937,2,affanbasit
2113,15662833,DanSJunior,"2026-04-21 21:08:04",0.95936,3,dansjunior
2114,15544001,"Strew Hats","2026-04-10 12:18:10",0.95936,10,vedant0928
2115,15573454,"Emirkan EFE","2026-04-09 08:15:39",0.95936,3,emirkanefe
2116,15527370,Octavia,"2026-04-24 10:46:17",0.95936,2,mayzarlwin
2117,15566884,"Briant Paul","2026-04-17 21:16:57",0.95935,1,briantpaul
2118,15537117,shivams811,"2026-04-02 11:54:12",0.95935,2,shivams811
2119,15719662,"k241026 Manahil Abbas","2026-04-24 07:27:03",0.95935,3,k241026manahilabbas
2120,15588127,"Asti Dhiya Anzaria","2026-04-17 07:02:40",0.95934,1,astidhiyaanzaria
2121,15595667,WenXiaoxiao9421,"2026-04-18 04:38:54",0.95934,3,wenxiaoxiao911
2122,15705103,"Frank Y Wei","2026-04-24 05:02:15",0.95934,1,frankywei
2123,15618730,"Luis Méndez","2026-04-18 17:41:53",0.95933,2,luismndezreyes
2124,15693126,"Daddy data","2026-04-22 08:50:21",0.95933,2,wealth38
2125,15575693,"Loselen Luari Jonanda","2026-04-10 03:00:49",0.95933,3,loselenluarijonanda
2126,15541469,tapanreddy,"2026-04-07 05:16:06",0.95932,7,tapanreddy
2127,15646487,Alexdruso,"2026-04-20 21:31:14",0.95932,4,alessandrosanvito
2128,15531589,Sponetics,"2026-04-08 17:18:28",0.95931,5,sponetics
2129,15565702,"Rakesh Prasanna R","2026-04-08 15:08:59",0.95931,1,rakeshprasanna
2130,15608075,"Manya Dhamija","2026-04-13 21:46:21",0.95931,1,manyadhamija
2131,15527343,MV,"2026-04-04 22:42:13",0.95931,2,milicavugdelic
2132,15527524,"Diana Soeu1","2026-04-22 03:23:30",0.95931,1,dianasoeu1
2133,15527805,mangoo2,"2026-04-01 07:35:13",0.95930,1,mangoo2
2134,15555389,"[Deleted] 53c5ef99-139a-4f18-b337-2bd4fb72e724","2026-04-04 21:01:35",0.95930,1,del=a677db04972b255f
2135,15528266,"Madhu Kumar G","2026-04-07 08:14:02",0.95930,2,madhukumarg
2136,15698012,"Astitwa Agarwal","2026-04-23 17:53:24",0.95930,1,astitwaagarwal
2137,15606026,Kiana_Ariel,"2026-04-13 11:45:43",0.95930,2,kianaariel
2138,15538112,MM(22F3001706),"2026-04-15 16:18:04",0.95929,5,mm22f3001706
2139,15527652,"Beiqi Lin0325","2026-04-09 14:27:31",0.95929,3,beiqilin0325
2140,15544333,八幡健祐,"2026-04-06 11:17:44",0.95928,8,yahatz
2141,15528356,"ishita bahamnia","2026-04-01 05:05:40",0.95927,1,ishitabahamnia
2142,15657248,PranavBhosale56,"2026-04-24 05:15:36",0.95927,3,pranavbhosale56
2143,15671976,"Atharva Gadekar 1","2026-04-24 04:25:07",0.95927,4,atharvagadekar2003
2144,15540619,"Ali Abdelmenam","2026-04-03 23:28:22",0.95926,1,aliabdelmenam
2145,15549681,ALWAYSWANNAFARM,"2026-04-08 06:56:37",0.95925,10,alwayswannafarm
2146,15528232,"Aum Patel 131","2026-04-01 05:36:37",0.95925,2,aumpatel131
2147,15533567,"Heyang Dong","2026-04-02 03:35:31",0.95925,6,heyangdong
2148,15702636,RickyBerto,"2026-04-24 03:45:15",0.95925,5,rickyberto
2149,15579147,"Harveen Kaur","2026-04-16 18:41:59",0.95924,5,harveen214
2150,15654041,"Ashkan Jafarzadeh","2026-04-22 02:25:55",0.95924,8,ashkanjafarzadeh
2151,15653336,"Shiv Bharanidharan","2026-04-23 17:31:30",0.95924,3,shivbharanidharan
2152,15559364,Lewis,"2026-04-05 13:55:41",0.95923,1,lewisssst
2153,15699203,"Adnan osama 8055","2026-04-23 10:12:03",0.95923,1,adnanosama8055
2154,15660230,SyedAsharTahir,"2026-04-24 05:33:43",0.95923,1,syedashartahir
2155,15537328,ta4510,"2026-04-02 08:33:20",0.95923,1,ta4510
2156,15534832,"Meredith Naylor","2026-04-02 02:22:54",0.95922,1,meredithnaylor
2157,15603628,Paing,"2026-04-20 15:25:54",0.95922,1,painghtetsw
2158,15530411,jambrumac,"2026-04-07 19:34:53",0.95922,7,jamesmacpherson
2159,15579096,"Mohsin Khan","2026-04-10 17:56:47",0.95922,2,mohsinkhan2004
2160,15660941,"anton mitkov","2026-04-20 17:50:03",0.95922,1,antonmitkov
2161,15609346,"Nethan Shaik","2026-04-16 11:25:50",0.95921,4,nethanshaik
2162,15720261,SyEdSaAd06,"2026-04-24 12:26:35",0.95921,2,syedsaad06
2163,15639380,"Kaito Ikuma","2026-04-18 16:01:58",0.95921,6,kaitoikuma
2164,15565437,"Jerome Vincent Tagaro","2026-04-08 12:01:56",0.95920,4,jeromevincenttagaro
2165,15643059,"Ashish Kuru","2026-04-19 07:03:31",0.95920,1,ashishkuru
2166,15671312,"Abbad Hasan","2026-04-23 21:24:41",0.95919,2,abbadhasan
2167,15638641,"Anant Shri","2026-04-18 20:17:34",0.95919,2,anantshri1
2168,15569590,tatsuya_saito,"2026-04-10 08:55:20",0.95918,3,tatsuya2saito
2169,15548422,"Herlin Idris","2026-04-03 15:44:04",0.95918,1,herlinidris
2170,15584170,"Tivaniuk Evgenie","2026-04-10 10:43:30",0.95918,5,tivaniukevgenie
2171,15630376,F-thinks,"2026-04-16 12:19:23",0.95918,3,fthinks
2172,15571833,"Himanshu Dhiman","2026-04-07 15:51:05",0.95917,1,hmnshudhmn24
2173,15570597,MARAMIRA,"2026-04-08 09:34:05",0.95916,3,maramira
2174,15545593,"Shamiha Jahan","2026-04-03 09:28:28",0.95916,2,shamaislam
2175,15545746,"Ludovic CHANGEON","2026-04-07 05:34:53",0.95915,8,ludovicchangeon
2176,15609523,"Victor HLSTF","2026-04-14 09:11:07",0.95914,7,victorhlstf
2177,15559732,vvthai14,"2026-04-22 15:42:27",0.95914,1,vvthai14
2178,15585113,"Josh Cargill","2026-04-21 14:53:11",0.95913,4,joshcargill
2179,15566456,IndraneelBakshiss,"2026-04-06 18:27:14",0.95913,1,indraneelbakshiss
2180,15538153,"Abdul Kadir Syahab","2026-04-07 09:57:51",0.95912,9,abdulkadirsyahab
2181,15535901,"KRISH PANSARA","2026-04-10 14:59:50",0.95912,2,krishpansara
2182,15638562,"Utkarsh Gaikwad","2026-04-23 07:27:10",0.95912,1,utkarshgaikwad1994
2183,15633629,LastHope,"2026-04-17 12:28:53",0.95911,2,"dakshaswani,termdamp"
2184,15528804,SavaCan,"2026-04-21 14:41:06",0.95910,8,yuheihirose
2185,15632843,"Saagar Shah","2026-04-16 18:18:06",0.95909,5,saagarshah
2186,15628762,Farrell,"2026-04-16 10:10:13",0.95908,4,farrui1124
2187,15575852,"pranit dhuri","2026-04-11 12:51:58",0.95908,9,pranitdhuri
2188,15593144,Pushkar,"2026-04-12 08:56:42",0.95907,5,pushkar134
2189,15708640,"Femi L","2026-04-23 19:52:26",0.95907,5,lawalshalom
2190,15550710,mati,"2026-04-05 21:25:56",0.95905,3,matimatimatimati
2191,15595048,十指小鱼,"2026-04-15 13:05:02",0.95905,2,yuriyao
2192,15575107,SamSV,"2026-04-09 09:27:37",0.95905,2,sameerasvithanage
2193,15531452,wesley,"2026-04-19 16:46:29",0.95904,2,wesleyhuan
2194,15617905,"Hamza Emin Hacıoğlu","2026-04-18 18:49:55",0.95902,1,hamzaeminhacolu
2195,15527331,"Agoudjil Heba","2026-04-01 02:05:21",0.95902,2,agoudjilheba
2196,15585795,Olegend,"2026-04-13 05:28:40",0.95901,1,olegend
2197,15618411,"Sebastian Sep B.","2026-04-15 07:28:54",0.95900,1,sebastiansepb
2198,15567624,"Tyler West","2026-04-18 01:14:24",0.95900,12,tawest2020
2199,15611233,"mohamed ali","2026-04-14 08:33:07",0.95899,2,malearn97
2200,15566152,"Kevin Zhang","2026-04-06 17:46:45",0.95899,1,kevinzhang8816
2201,15528442,"Sanjay Bora","2026-04-01 10:46:49",0.95899,2,sanjaybora143
2202,15547238,tadhase,"2026-04-03 14:59:49",0.95899,3,tadhase
2203,15638744,"Porom Sivam Kalita","2026-04-22 13:12:36",0.95898,1,poromsivamkalita
2204,15554707,"Gabriel Aguiar Leao","2026-04-04 17:47:25",0.95898,1,gabrielaguiarleao
2205,15581156,朝倉翔汰,"2026-04-09 06:57:06",0.95898,6,shootaasakura
2206,15618993,"Csaba Kecskemeti","2026-04-15 19:08:52",0.95898,4,csabakecskemeti
2207,15657311,"Ayush Kumar Dash","2026-04-22 14:39:59",0.95897,3,akdash9136
2208,15637504,"Ivan Guschin","2026-04-19 08:13:30",0.95897,1,ivanguschin
2209,15583899,"Sachin Suresh","2026-04-10 04:13:47",0.95897,5,sachin11105
2210,15575390,Team007,"2026-04-17 09:28:16",0.95896,3,"avanichoudhary,deveshsoni973"
2211,15529338,"Eric Wang","2026-04-04 04:17:57",0.95896,1,wangeric15
2212,15530826,Babblu,"2026-04-03 18:33:07",0.95895,11,babblu123
2213,15531057,Mrsalty,"2026-04-13 16:50:21",0.95894,1,mrsaltyx
2214,15564244,"Babul Kumar","2026-04-08 15:31:20",0.95894,2,babulkumar07
2215,15527855,tkwbpp,"2026-04-08 05:35:11",0.95894,19,tkwbpp
2216,15563962,"Ashmit Kumar","2026-04-06 13:43:40",0.95894,2,ashmitkumarbaka
2217,15581547,yuriy134,"2026-04-09 09:45:07",0.95892,1,yuriy134
2218,15630912,Trimut,"2026-04-24 09:01:46",0.95891,2,tamannaji
2219,15609163,"Jaques Gillis","2026-04-24 07:24:13",0.95889,16,jaquesgillis
2220,15729066,"Isbah Rani Abbasi","2026-04-24 12:36:00",0.95889,5,isbahraniabbasi
2221,15540156,"Yogesh Kardile","2026-04-02 19:00:06",0.95888,2,yogeshkardile
2222,15541018,"Trần M.Tiến","2026-04-03 03:39:31",0.95888,2,trnmtin
2223,15697173,Rac,"2026-04-24 10:25:35",0.95887,2,racrac
2224,15561850,NoelNyx,"2026-04-09 08:05:20",0.95887,1,noelnyx
2225,15547162,"Helik Shukla","2026-04-09 14:32:01",0.95886,1,helikshukla
2226,15646726,Silas,"2026-04-18 17:51:18",0.95883,1,sbsstudio
2227,15586130,rishisapt,"2026-04-10 10:16:51",0.95883,1,rishisapt
2228,15547688,Moneeb_Sabri,"2026-04-06 15:10:41",0.95883,3,moneebsabri
2229,15540251,"Glen Metthews","2026-04-02 21:37:56",0.95883,4,glenmetthews
2230,15583060,e3k,"2026-04-09 10:34:58",0.95882,1,ekleezhya
2231,15539397,"Иван Шивалов","2026-04-02 15:06:42",0.95882,1,ivan070708
2232,15688850,靖之澤本,"2026-04-24 08:46:48",0.95882,2,sawamon
2233,15650527,"Avinash Saini","2026-04-19 12:38:31",0.95882,1,avisaini121
2234,15644515,"Alenov Zhangir","2026-04-19 13:14:10",0.95878,2,zhnralv
2235,15584903,"ARUNAGIRINATHAN K","2026-04-09 17:00:33",0.95878,3,arunsworkspace
2236,15598216,"Amr touni","2026-04-13 19:04:20",0.95877,4,amrtouni
2237,15617830,klever,"2026-04-14 21:19:58",0.95877,1,"kova1i,silvvasil"
2238,15529101,"Naba Saikia","2026-04-03 10:50:30",0.95876,1,nabasaikia
2239,15549885,"Shrook Ahmed Ibrahim","2026-04-07 12:17:30",0.95875,16,shrookahmedibrahim
2240,15536467,pd_prince,"2026-04-10 13:05:55",0.95875,2,shivampungalia
2241,15562401,suki5050,"2026-04-08 01:54:54",0.95875,1,suki5050
2242,15557582,Wuanwan,"2026-04-05 07:24:55",0.95874,2,wuanwan
2243,15572063,"Kiko 11235813","2026-04-13 00:06:49",0.95874,1,kiko11235813
2244,15598889,"Tanmaya Mohanty","2026-04-11 20:03:37",0.95874,1,tanmayamohanty31
2245,15658424,Vamsi5132k,"2026-04-20 11:18:28",0.95874,2,vamsi5132k
2246,15527471,"kamal molk","2026-04-01 19:53:14",0.95873,1,kamalmolk404
2247,15527423,badguy_wang,"2026-04-22 08:14:07",0.95872,4,badguywang
2248,15549809,"GEORGE DOUKAS","2026-04-03 20:44:02",0.95871,2,georgedoukas
2249,15624416,cicicherry,"2026-04-17 20:28:20",0.95870,1,cicicherry
2250,15532912,"Pranav Poominathan","2026-04-01 23:48:31",0.95870,2,pranavpoominathan
2251,15605901,"chaoyue tian","2026-04-13 03:04:48",0.95869,2,chaoyuetian
2252,15588385,ShenzhenShoegazer,"2026-04-10 07:12:24",0.95869,1,shenzhenshoegazer
2253,15600681,"Jeff Ling","2026-04-12 23:08:02",0.95868,2,jeff1ing
2254,15539027,porply,"2026-04-07 11:46:21",0.95867,2,porply
2255,15623104,"Rafly Taufika Fikri","2026-04-15 18:15:45",0.95865,1,raflytaufikafikri
2256,15527385,fleure,"2026-04-01 04:00:27",0.95864,1,nelnomial
2257,15532350,"Ivan Achlaqullah","2026-04-04 19:55:04",0.95864,1,ivanachlaqullah
2258,15698714,"Kumar Sushant Raj","2026-04-23 15:17:21",0.95863,5,sushantsaurya843
2259,15684659,MUYI,"2026-04-22 02:10:58",0.95863,1,muyiyouyouning
2260,15729356,"Arwa Mansoor","2026-04-24 12:04:04",0.95862,3,arwamansoor
2261,15614431,SebKay,"2026-04-14 12:58:01",0.95862,5,sebkay
2262,15553411,"Zvyagincev Mishanya","2026-04-12 18:26:54",0.95860,1,hepes46
2263,15668710,"Thuận Trần","2026-04-22 08:47:15",0.95859,3,thuan33
2264,15560524,Lion128,"2026-04-05 21:08:34",0.95858,1,lion128
2265,15672506,"Anggit Maulana Abdi","2026-04-21 19:12:36",0.95857,4,anggitmaulanaabdi
2266,15555008,"martin fahd","2026-04-07 16:15:17",0.95857,4,martinfahd
2267,15596648,"Rafael E Gonzalez","2026-04-16 19:57:45",0.95857,1,rafaelegonzalez
2268,15631881,"Treena Chakraborty 024","2026-04-16 18:02:56",0.95856,2,treenachakraborty024
2269,15581158,yuka,"2026-04-09 06:49:40",0.95855,2,yuka11takahashi
2270,15590226,Wen003,"2026-04-10 13:17:12",0.95853,1,wen003
2271,15566469,Kevely,"2026-04-14 18:22:43",0.95852,22,kevely
2272,15542340,Ivan1625,"2026-04-03 00:18:45",0.95851,3,ivan1625
2273,15585406,Big-T,"2026-04-09 19:21:12",0.95851,1,tylerbinning
2274,15558688,udy,"2026-04-06 12:02:20",0.95849,5,yasushiudagawa
2275,15539988,"Hrishikesh Yadav","2026-04-02 16:35:35",0.95849,1,hrishikeshyadav
2276,15549338,"ziad mahmoud","2026-04-11 07:54:01",0.95848,14,"amryahia,arafat15,motalaat"
2277,15582274,buside,"2026-04-09 07:19:50",0.95847,2,buside
2278,15536860,"Md Zisun","2026-04-02 17:14:17",0.95847,4,mdzisun
2279,15655362,Proff,"2026-04-21 05:16:26",0.95846,3,proff2
2280,15529052,"Brian Tseng(曾健智)","2026-04-10 13:28:46",0.95846,1,tsengchienchih
2281,15529738,小出剛史,"2026-04-23 08:50:56",0.95846,1,koidetakeshi
2282,15529875,"Ali Sarp SUNAY","2026-04-07 18:26:24",0.95845,4,alisarpsunay
2283,15634956,Nebula,"2026-04-20 09:49:32",0.95845,2,nebulafjck
2284,15539549,Yanagiguchi,"2026-04-05 14:46:12",0.95844,1,xenosmilus
2285,15604854,"rwanda 12","2026-04-13 06:04:28",0.95844,1,umunyurwabriane
2286,15581369,ab_van,"2026-04-09 07:00:08",0.95844,2,abvan99
2287,15696366,！@#123,"2026-04-23 04:34:07",0.95843,1,cuizhiwei123
2288,15572863,Ahan,"2026-04-09 06:44:43",0.95843,1,lqlu0017
2289,15540498,"Mohamed Samer","2026-04-18 15:05:06",0.95842,4,mosammo
2290,15637746,"Gaurav Rawat","2026-04-21 05:28:44",0.95842,3,gauravrawat99
2291,15670949,DannyDog1227,"2026-04-22 14:58:05",0.95842,6,dannydog1227
2292,15721836,GCarnovale,"2026-04-23 19:53:51",0.95841,1,gcarno
2293,15549459,"Frank Ruta","2026-04-03 19:05:24",0.95840,3,frankruta7
2294,15551689,SK0101,"2026-04-05 03:08:08",0.95839,2,shunsukekato
2295,15672911,"Suman Kumar Raj","2026-04-23 12:33:19",0.95839,12,sumankumarraj
2296,15530472,"shahd elewissi","2026-04-09 14:19:11",0.95838,15,"emansaeednasr,nadiashahin,sarakotb"
2297,15527451,Sakura,"2026-04-02 03:31:36",0.95838,1,sakura134
2298,15570668,habe.sq,"2026-04-07 12:37:54",0.95836,1,habesq
2299,15532832,"Andres Roncaglia","2026-04-22 13:44:01",0.95836,1,andresroncaglia
2300,15550345,Prathix,"2026-04-03 20:47:58",0.95835,1,prathix1
2301,15626779,"Better call White","2026-04-16 09:31:44",0.95835,2,"melsonli,youareheisenberg"
2302,15697639,"Jetani Vivek","2026-04-22 14:18:33",0.95835,1,jetanivivek
2303,15660340,"Karib Kazi Rafid","2026-04-20 19:07:16",0.95834,1,karibkazirafid
2304,15581159,HayuruSato,"2026-04-09 08:32:21",0.95832,5,hayurusato
2305,15646277,"Youssef Hassanein","2026-04-19 21:38:45",0.95832,2,yhassanein
2306,15546180,EgoorrrR,"2026-04-04 08:29:38",0.95826,1,egoorrrr
2307,15615875,"Charlotte Ault","2026-04-20 17:52:48",0.95825,5,charlotteault
2308,15593565,"Reina Kaino","2026-04-19 06:21:35",0.95823,1,reinagraham
2309,15579185,"Jonathan Baker","2026-04-17 03:03:40",0.95822,15,jonathanbaker
2310,15581151,成川遼大（なるちゃん）,"2026-04-09 08:14:42",0.95821,4,naru0201
2311,15606064,Anantha,"2026-04-13 15:31:29",0.95821,1,nntods
2312,15574696,"Gaurav kumar","2026-04-08 07:15:40",0.95818,1,gauravkrsinha
2313,15565195,"Raf Blanckaert","2026-04-20 20:38:09",0.95816,1,frissie
2314,15621912,"Diego Matos","2026-04-15 13:43:37",0.95814,4,diegohmm
2315,15549652,"Abhinav Aakash","2026-04-19 13:33:51",0.95812,12,abhinav099802
2316,15586543,"Ben Steinberg","2026-04-15 17:57:39",0.95812,1,bensteinberg1
2317,15594873,Ernest,"2026-04-12 00:59:13",0.95811,1,ernestqt
2318,15592957,Miłosz,"2026-04-20 20:57:31",0.95810,1,miloszkrzeminski
2319,15663210,"Lakshmi Narasimha Reddy","2026-04-24 04:44:10",0.95809,2,naniprabhas
2320,15657213,"Prithviraj Takbhate","2026-04-24 06:42:47",0.95806,2,prithvirajtakbhate
2321,15527838,ConstDemi,"2026-04-03 05:49:33",0.95805,1,life4five
2322,15638777,RainM4,"2026-04-22 03:34:29",0.95805,2,rainm4
2323,15532209,"Shivansh Uppal","2026-04-01 18:48:34",0.95804,1,shivanshuppal
2324,15669003,Suraj064,"2026-04-21 17:32:53",0.95803,2,suraj064
2325,15568015,Jiing12,"2026-04-19 15:37:51",0.95803,2,jiing12
2326,15543978,"Abdul Haameed","2026-04-04 09:33:57",0.95803,13,abdulhaameed
2327,15660602,huwasan,"2026-04-20 17:32:10",0.95802,1,huwasan
2328,15558740,"Arvind Singh Sisodiya","2026-04-06 16:49:37",0.95799,3,arvindsinghsisodiya
2329,15603716,wenqishuaige,"2026-04-13 15:57:53",0.95799,2,wenqishuaige
2330,15657047,"Денис Казарцев","2026-04-21 10:19:10",0.95798,1,ananasik558
2331,15538830,Rabary,"2026-04-03 16:12:28",0.95798,4,riberry
2332,15714317,"k240887 S.M.Muzammil","2026-04-24 05:30:01",0.95797,1,k240887smmuzammil
2333,15571046,"LYON SALDANHA","2026-04-14 13:15:54",0.95794,2,lyonsaldanha
2334,15612112,"Daniel Kong","2026-04-14 04:34:17",0.95793,4,dskong07
2335,15532305,"Muhammed shameel","2026-04-01 21:49:01",0.95792,7,muhammedshameelm
2336,15529302,"Challenge Team","2026-04-13 07:58:07",0.95791,19,"abdulrahmanelgammal,mohamedbfcai,shaabanelkammar"
2337,15618372,"Alief Rachmattul Islam","2026-04-15 12:01:06",0.95790,4,aliefrachmattulislam
2338,15530513,Abaziri,"2026-04-17 12:42:06",0.95788,1,renshiichikawa
2339,15563428,"Vikram Rautela","2026-04-06 09:57:17",0.95786,1,vikramrautela
2340,15564546,wesam,"2026-04-06 16:04:18",0.95784,4,wesameldeeb
2341,15614580,leixiaoliang,"2026-04-15 11:04:56",0.95783,2,leixiaoliang
2342,15632542,"Leong Jian Sing","2026-04-24 12:51:27",0.95783,2,leongjiansing
2343,15670918,saturnliu,"2026-04-21 15:23:23",0.95782,1,saturnliu
2344,15549244,"Artyom Sayapin","2026-04-03 18:11:12",0.95781,1,spielmeister
2345,15563302,"Aboli Kathar","2026-04-06 11:50:50",0.95781,1,abolikathar
2346,15600291,AnjanSB,"2026-04-14 12:20:17",0.95778,5,anjansb
2347,15530172,"Code by Nadiia","2026-04-02 11:14:22",0.95777,5,codebynadiia
2348,15549928,"Shahd Elewissi","2026-04-05 18:41:12",0.95773,3,shahdelewissi
2349,15530700,Logitchniy,"2026-04-03 19:56:59",0.95772,1,logitchniy
2350,15609479,aktk,"2026-04-13 15:00:01",0.95770,1,aniltk
2351,15562996,nishpa,"2026-04-06 06:14:12",0.95770,1,nadezdaishpaykina
2352,15593502,"lucas calaff","2026-04-20 18:16:21",0.95769,4,lucascalaff206
2353,15545403,Jznica,"2026-04-04 12:44:05",0.95767,1,jznica
2354,15541838,"Asmit Sarkar","2026-04-03 21:37:35",0.95767,3,asmitsarkar
2355,15593415,samuel,"2026-04-11 01:29:00",0.95764,1,sflender
2356,15652199,sansiro22,"2026-04-24 11:56:58",0.95763,2,sansiro22
2357,15568589,"Matthieu Hoarau","2026-04-12 09:10:53",0.95762,5,matthieuhoarau
2358,15657433,wangshushushu,"2026-04-20 12:13:11",0.95761,1,wangshushushu
2359,15700177,"Prateek Jain","2026-04-22 16:03:53",0.95758,1,prateekjain1509
2360,15621802,serhatX,"2026-04-15 13:57:23",0.95754,1,serhatx
2361,15550190,"Vatsalya Krishan Maurya","2026-04-10 12:34:28",0.95752,4,vatsalyakrish
2362,15540144,ekinekincix,"2026-04-19 22:10:54",0.95748,20,ekinekincix
2363,15545830,"Андрей Малаховский","2026-04-03 14:12:47",0.95748,1,andreym1234
2364,15570944,DeepanshuSharma167,"2026-04-07 17:20:17",0.95748,2,deepanshusharma167
2365,15567154,"Lars de Wolf","2026-04-20 22:53:59",0.95748,6,larsdewolf
2366,15532341,"Avik Das","2026-04-01 18:21:15",0.95745,2,avikdas567
2367,15652471,"Yasuyuki Honjo","2026-04-20 12:18:56",0.95744,1,initializedyh
2368,15671806,"Stepan Karapetyan","2026-04-21 15:50:44",0.95741,1,karapetyanstepan
2369,15615736,"Baruni Jeganath Sivakumar","2026-04-19 15:16:39",0.95732,1,"barunijs,kesavsivakumar"
2370,15610862,"Daniil Markov","2026-04-13 20:03:08",0.95731,5,daniilmarkov
2371,15544445,pritamghorui001,"2026-04-03 09:53:40",0.95731,1,pritamghorui001
2372,15565153,amiakar,"2026-04-23 11:00:55",0.95727,11,amiakar
2373,15661561,Linter,"2026-04-21 20:30:46",0.95727,1,"monikakorzus,siemakpogrom"
2374,15580860,altground,"2026-04-09 06:18:14",0.95724,1,altground
2375,15678887,SCRIPTCHEF,"2026-04-21 21:48:46",0.95724,1,noodl35
2376,15538022,HioDza0614,"2026-04-04 02:15:55",0.95719,17,hiodza0614
2377,15671397,k241001,"2026-04-22 14:14:51",0.95718,4,k241001
2378,15539335,zdanovic,"2026-04-03 08:38:00",0.95716,20,zdanovic
2379,15548891,thomastoketchup,"2026-04-03 17:12:34",0.95715,3,thomastoketchup
2380,15699052,"Damilola Micheal","2026-04-22 14:56:49",0.95714,2,damilolamicheal
2381,15537003,labixiaoxinbuxiaoxin,"2026-04-09 10:55:04",0.95709,2,labixiaoxinbuxiaoxin
2382,15538457,"Mingsi Guo","2026-04-10 11:22:24",0.95709,2,mingsiguo
2383,15565938,"Hanaa Elkhateeb","2026-04-14 16:01:13",0.95709,2,"asmaaesmatkassem,fatemaelhawary,hanaaelkhateeb"
2384,15530972,"Frank Chuka","2026-04-01 16:42:55",0.95705,1,frankchuka
2385,15660727,"yuka #2","2026-04-20 18:17:34",0.95704,1,yuka32668
2386,15707710,"zubair najam","2026-04-23 07:49:09",0.95700,1,zubairnajam
2387,15529616,ParkJuHeon,"2026-04-05 15:37:07",0.95700,1,parkjuheon
2388,15662697,gshjis,"2026-04-20 23:40:39",0.95698,1,gshjis
2389,15530189,"Vitor G R A","2026-04-01 13:12:04",0.95695,1,vitorgra
2390,15565026,"Anupriyo Das","2026-04-06 13:56:42",0.95695,1,anupriyodas
2391,15708304,"Mohammad Waleed23","2026-04-23 09:08:57",0.95693,1,mohammadwaleed23
2392,15527810,penguingm2,"2026-04-02 08:16:29",0.95692,1,wataruiyatomi
2393,15573328,"DJ sv11","2026-04-07 19:41:09",0.95691,1,djsv11
2394,15559845,"Gabriela Amaral","2026-04-05 22:32:22",0.95689,1,gabrielaamaral
2395,15624842,"Josh Duffy","2026-04-16 23:21:05",0.95688,2,joshduffy
2396,15609673,"Francesco Pedullà","2026-04-23 14:37:54",0.95686,1,francescopedull
2397,15606094,"Muhammad Nabil Ihyalfikra","2026-04-13 11:52:06",0.95678,1,nab4bil
2398,15646196,"Shila Bhatta","2026-04-19 20:14:39",0.95678,2,shilabhatta
2399,15538973,Sivu_Nzimeni,"2026-04-03 04:26:31",0.95675,1,sivunzimeni
2400,15707963,"Nida Amir","2026-04-24 05:51:29",0.95662,1,nidaamir
2401,15528377,"David Cohen ","2026-04-07 22:11:04",0.95660,4,davidco1
2402,15673247,"Alien Baltan","2026-04-22 14:49:48",0.95659,1,aacc12
2403,15624092,"Tugce Basyigit","2026-04-18 18:52:57",0.95659,1,tugcebasyigit
2404,15582687,"Akshay Yewle","2026-04-11 23:52:08",0.95658,1,akshayyewle
2405,15589671,"Tanuj Kumar Tiwari","2026-04-10 15:57:28",0.95657,4,tanujkumartiwari
2406,15533903,LazzyCatto,"2026-04-02 00:21:25",0.95653,1,lazzycatto
2407,15530733,"pawan kumar naga","2026-04-21 13:59:43",0.95650,7,pawankumarnaga
2408,15575446,"Min Shunn","2026-04-14 14:45:42",0.95650,2,minshunn
2409,15589496,"Philbert Mayer","2026-04-10 14:23:31",0.95648,5,philbertmayer
2410,15540917,"Payodhi Mandloi","2026-04-08 13:44:45",0.95647,1,payodhimandloi
2411,15579445,"kenneth owen214","2026-04-11 05:46:40",0.95644,4,kennethowen214
2412,15598131,"Somnath Malik2022","2026-04-13 14:13:58",0.95641,3,somnathmalik2022
2413,15617011,aviral_rai2002,"2026-04-16 12:07:35",0.95636,7,aviralrai2002
2414,15558974,"Eshan Sharma","2026-04-06 19:46:26",0.95635,3,eshan5595
2415,15719185,"k240805 Pankaj Lal","2026-04-23 15:13:41",0.95633,1,k240805pankajlal
2416,15539969,Prem_ramamoorthy,"2026-04-03 10:17:18",0.95631,2,premramamoorthy
2417,15571493,"Andrey Parfenov","2026-04-23 12:53:55",0.95627,6,andpar
2418,15533086,"Ryan Truong","2026-04-01 19:54:43",0.95619,1,ryantruong12
2419,15563243,Ayush,"2026-04-06 21:16:16",0.95618,4,ayush500
2420,15531396,"Parth Sarnobat","2026-04-22 14:05:49",0.95614,3,parthsarnobat
2421,15606207,"Khairullah Kosasih Zain","2026-04-13 12:45:08",0.95614,2,khairulzain
2422,15709173,"Syed Sultan","2026-04-23 16:16:53",0.95614,1,syedsultan30
2423,15722504,"k240906 Marium Imran","2026-04-24 12:20:59",0.95614,2,k240906mariumimran
2424,15725485,"LA Maheshwari","2026-04-24 10:23:47",0.95614,1,lamaheshwari
2425,15606031,"Luth Lirik","2026-04-16 02:44:13",0.95610,2,luthlirik
2426,15570829,MGKzzz,"2026-04-14 16:15:04",0.95609,17,mgkzzz
2427,15592608,"Mohamed Abdelhay","2026-04-23 21:44:13",0.95609,3,mohamedabdelha7
2428,15548397,igoof,"2026-04-10 11:27:28",0.95606,1,aleksgoof
2429,15675948,"k240609 Ahmed","2026-04-23 23:40:17",0.95605,1,k240609ahmed
2430,15555016,"Mohamed Abd Al-mgyd","2026-04-18 19:29:28",0.95605,6,mohamedabdalmgyd
2431,15541426,"meme hamed","2026-04-06 12:17:52",0.95601,3,memehamed
2432,15720616,"Ivan Miletic","2026-04-23 16:03:27",0.95598,1,imiletic
2433,15564870,shusk31,"2026-04-07 12:57:54",0.95593,1,shusk31
2434,15655885,lbrownnash,"2026-04-20 11:01:37",0.95593,1,lbrownnash
2435,15707095,"Solagnon edoh KOEVIDJIN","2026-04-23 07:35:58",0.95589,2,solagnonkoevidjin
2436,15607322,"Mohamed Ashraf","2026-04-14 08:53:38",0.95585,7,moasho11
2437,15552219,"Saiganesh Upadrasta","2026-04-04 05:36:30",0.95585,2,saiganeshupadrasta
2438,15589951,"Abhirup Basu","2026-04-10 16:25:03",0.95581,1,randombengaliguy
2439,15548306,"Brad S","2026-04-03 14:46:32",0.95570,1,braspr
2440,15531626,"Jonathan Leaver","2026-04-24 11:56:54",0.95569,3,jonathanleaver
2441,15555842,IMOBxxx,"2026-04-16 07:37:23",0.95567,5,imobxxx
2442,15549849,"shrouk Ahmed Ibrahim","2026-04-06 06:48:00",0.95566,7,"amanydabey,faridaessam434,reemsobhy"
2443,15651375,"gabriel buchhorn","2026-04-23 21:41:57",0.95563,1,gabrielbuchhorn
2444,15729285,章钰莹zyy,"2026-04-24 08:45:27",0.95557,1,ayealxc
2445,15719665,"Sofia Ayaz","2026-04-24 12:41:30",0.95557,3,sofiaayaz
2446,15580043,"Andre Italiano","2026-04-08 23:58:15",0.95550,1,andreitaliano46
2447,15589351,"ritik shekhawat","2026-04-10 16:10:27",0.95545,1,ritikshekhawat
2448,15624090,cancelThat,"2026-04-15 21:05:47",0.95545,1,cancelthat
2449,15640910,"Tarek Mohamed Hassan","2026-04-18 15:30:49",0.95545,1,tarekmohamedhassan
2450,15659854,"Gotam Dulhani","2026-04-23 15:48:12",0.95542,3,gotamdulhani
2451,15650482,papaya7350,"2026-04-19 12:38:02",0.95542,1,papaya7350
2452,15606182,"Naufal Rifqi Rahman","2026-04-13 15:35:58",0.95539,5,naufalrifqirahman
2453,15596220,BarackAboba,"2026-04-12 12:33:18",0.95528,1,barackaboba
2454,15598992,"Rodrigo Ebner","2026-04-11 23:09:47",0.95524,3,rodrigoebner
2455,15531149,"Tracy Porter","2026-04-01 19:55:03",0.95524,1,tracyporter
2456,15540362,Baidya57,"2026-04-02 19:07:33",0.95524,1,baidya57
2457,15578572,"Kartik Bhangale","2026-04-08 18:07:15",0.95524,1,kartikbhangale
2458,15704078,500011-บุณยาพร,"2026-04-23 01:04:46",0.95524,1,bunyaphonai
2459,15671379,"haoyang tang","2026-04-22 13:57:49",0.95511,2,haoyangtang680
2460,15533196,"Diptanu Ghosh","2026-04-03 15:36:32",0.95508,2,diptanughosh2004
2461,15570401,02,"2026-04-22 14:14:14",0.95507,2,avik090
2462,15604596,"Kamonashis Halder","2026-04-16 14:17:56",0.95504,2,kamonashis
2463,15724955,AdnanHatim515253,"2026-04-24 06:44:32",0.95504,2,adnanhatim515253
2464,15711655,"Vaania Ahmed","2026-04-23 19:20:03",0.95503,1,vaaniaahmed
2465,15589294,Mohammed237,"2026-04-10 14:14:21",0.95498,1,mohammed237
2466,15539787,"Telemaco Terzi","2026-04-10 07:42:51",0.95490,4,telemacoterzi
2467,15548921,"Samson Great","2026-04-05 11:17:15",0.95489,3,samsongreat
2468,15606403,"Naila Kalsum","2026-04-14 07:29:35",0.95489,1,nailakalsum
2469,15707941,"k240030 Mutahir Ahmed Khan","2026-04-23 09:45:09",0.95481,1,k240030mutahir
2470,15605995,MingYang666,"2026-04-13 03:37:28",0.95475,1,mingyang666
2471,15670225,"Risotto Nero","2026-04-21 11:53:16",0.95468,1,thighsenjoyer
2472,15566763,"Likith Narakala","2026-04-08 17:25:41",0.95464,1,likith17052004
2473,15608997,EMEMEMawa,"2026-04-15 07:09:08",0.95464,3,emememawa
2474,15641989,"Anna Tucker","2026-04-22 01:02:43",0.95461,1,annatucker27
2475,15708116,"24K-0512 Aly","2026-04-23 14:25:01",0.95461,1,aly24k0512
2476,15530517,shinorin,"2026-04-23 13:38:20",0.95460,37,shinorin
2477,15644576,kohei222,"2026-04-18 11:22:39",0.95458,1,kohei222
2478,15620790,"Smbat Shakhpazyan","2026-04-16 11:33:55",0.95458,1,smbatshakhpazyan
2479,15609567,"Ralph Torres","2026-04-18 18:18:21",0.95455,1,ralphtorresjr
2480,15599154,"Matthijs Schrijvers","2026-04-11 20:07:04",0.95451,2,matthijsschrijvers
2481,15551558,Shuai0103,"2026-04-04 03:20:30",0.95447,2,shuai0103
2482,15699809,"Abeela Khan","2026-04-23 18:11:37",0.95424,5,abeelakhan
2483,15645996,"xiang hanqing","2026-04-19 03:45:36",0.95420,3,xianghanqing
2484,15635841,"Nozomi Yaguchi","2026-04-18 19:14:22",0.95415,1,tomokideguchi
2485,15634680,Takuma,"2026-04-17 11:42:16",0.95414,1,takumatsujigatai
2486,15637574,"Fedir Baltsun","2026-04-19 12:30:00",0.95408,6,fedirbaltsun
2487,15700994,yalmawka,"2026-04-23 21:51:42",0.95403,2,yalmawka
2488,15569599,"Das Toastbrot","2026-04-07 10:14:39",0.95394,1,dastoastbrot
2489,15553422,"Dhravya Shetty","2026-04-04 09:39:10",0.95389,1,dhravyashetty
2490,15563560,"Krunal Asari","2026-04-06 14:59:32",0.95388,1,krunalasari
2491,15569697,hypoy9377,"2026-04-07 08:48:24",0.95388,1,hypoy9377
2492,15627552,"Mahesh Yarramsetti","2026-04-17 13:10:54",0.95386,1,maheshyarramsetti
2493,15606115,"Lisa Sapitri","2026-04-13 12:23:43",0.95381,2,lisasapitri
2494,15701044,"[Deleted] 3836f5c5-cb67-405e-b7c4-36b64d249ed8","2026-04-23 17:16:47",0.95381,2,del=6aa997a2ebeba268
2495,15606716,"Syahri Nasta’in","2026-04-13 06:23:57",0.95380,1,syahrinastain
2496,15618386,"Zakaria Fattawari","2026-04-15 06:09:57",0.95380,1,alathereonn
2497,15576059,"Phúc Anh Hoàng","2026-04-08 10:07:13",0.95378,1,phucanh
2498,15535541,bmax16634,"2026-04-03 17:03:29",0.95370,2,bmax16634
2499,15559293,StevanusO,"2026-04-16 16:47:55",0.95369,1,stevanuso
2500,15584773,"Alfiya Rakhimova","2026-04-09 15:42:11",0.95368,1,alfiyarakhimova
2501,15559768,"Over Fitter :)","2026-04-05 16:12:01",0.95367,2,overfitter11
2502,15634095,"Chase Krisko","2026-04-19 22:26:47",0.95362,1,chasekrisko
2503,15697838,"Athul Santo","2026-04-24 06:10:25",0.95361,1,athulsanto
2504,15665524,"Daffa Bagas","2026-04-21 09:03:18",0.95356,1,acengkun
2505,15565960,"Aya Taher","2026-04-13 10:08:54",0.95354,2,ayataher
2506,15573282,"Mulugeta Gebere","2026-04-09 12:59:36",0.95351,1,mulugetagebere
2507,15576686,"Sulthan Gustav Al Akram","2026-04-09 14:16:49",0.95351,2,sulthangustavalakram
2508,15598222,"Erik Santti","2026-04-11 16:33:17",0.95350,1,eriksantti
2509,15596594,"Rahul Gite","2026-04-14 07:51:35",0.95349,2,ronnie1107
2510,15662255,"Jesse Waite","2026-04-22 02:56:47",0.95347,1,jessewaite
2511,15570147,"Aaditya Khanal","2026-04-09 10:54:47",0.95343,8,aadityaiscoding
2512,15608959,"Muhammad Afdhalul Adam","2026-04-13 14:40:13",0.95341,1,muhammadafdhaluladam
2513,15534926,KuliData,"2026-04-02 03:31:02",0.95340,1,brocodenet
2514,15582711,"Edith GATERETSE","2026-04-09 09:18:14",0.95340,1,edith0gat
2515,15606027,"Ibnu Dwiki Hermawan","2026-04-13 06:10:16",0.95340,1,ibnudwikihermawan
2516,15606187,"Thopan Rahman hakim","2026-04-13 13:30:55",0.95340,4,thopanrahmanhakim
2517,15605980,"James A. G. Pulung","2026-04-13 13:54:34",0.95340,1,jamesagpulung
2518,15606266,"Cindy Aulia .R","2026-04-14 00:42:49",0.95340,1,cindyauliar
2519,15606748,"Anirudha Praveen","2026-04-13 08:01:49",0.95337,3,anirudhapraveen
2520,15605490,sehalroble,"2026-04-19 23:55:49",0.95334,2,assabot
2521,15554790,"vaishnavi walekar","2026-04-22 16:30:58",0.95328,1,vivi9124
2522,15579242,"Nikhil raman K","2026-04-24 12:16:29",0.95324,4,nikhilramank
2523,15706040,"Arunangshu Pal123123","2026-04-23 07:09:03",0.95323,1,arunangshupal123123
2524,15596580,"MOHAMD HARIRI","2026-04-11 12:17:30",0.95316,1,steerhoth
2525,15691828,"Vanessa Bajaj","2026-04-22 09:20:15",0.95308,2,vanessabajaj
2526,15664316,"Abhigyan Bhatnagar","2026-04-21 16:42:06",0.95305,3,abhigyanbhatnagar
2527,15588140,"Arudra Vihar Bommana","2026-04-10 05:13:18",0.95303,1,arudraviharbommana
2528,15622006,"Mahardika Arka","2026-04-15 14:22:17",0.95298,1,mahardikaarka
2529,15625258,Yavuz,"2026-04-16 01:37:09",0.95292,1,chepnii
2530,15540157,"Parth Nawkar","2026-04-03 16:22:12",0.95281,1,parthnawkar
2531,15702255,"k240522 Jayesha Yamin","2026-04-24 10:35:50",0.95277,5,k240522jayeshayamin
2532,15565455,"Amin Berjaoui","2026-04-07 17:32:09",0.95271,1,aminberjaoui
2533,15648861,"Xian Peiyin","2026-04-19 06:34:44",0.95270,1,xianpeiyin
2534,15610229,"Amarnath DJ","2026-04-14 03:54:49",0.95269,1,amarnathdj
2535,15693227,"Akash Bhatia","2026-04-22 09:08:52",0.95266,1,nandubhatia
2536,15657220,"Vivek Gotecha","2026-04-24 11:15:00",0.95254,6,vivekgotecha
2537,15539493,"Captain Eren","2026-04-02 16:02:05",0.95253,1,captaineren
2538,15696719,"JINU A_21f2000745","2026-04-23 05:50:21",0.95242,1,jinua21f2000745
2539,15575246,"Raneesha Methmini","2026-04-08 07:02:35",0.95241,2,raneeshamethmini
2540,15548250,Seb1894,"2026-04-03 18:55:23",0.95241,1,seb1894
2541,15606143,"Muhammad Ridho Alfarod","2026-04-13 12:27:33",0.95236,1,muhammadridhoalfarod
2542,15528541,"Sayeda 123","2026-04-01 06:02:03",0.95229,1,sayeda123
2543,15531550,"Mike Selesko","2026-04-06 20:34:28",0.95229,1,mikeselesko
2544,15563608,"Amr Dabour","2026-04-06 07:57:18",0.95226,1,amrdabour
2545,15606108,"Nabil Arif","2026-04-13 11:19:25",0.95221,1,nabilarif
2546,15730858," Iqra-1024","2026-04-24 12:34:54",0.95221,1,iqra1024
2547,15634623,"Chou Teddy","2026-04-17 04:26:47",0.95221,1,chouteddy
2548,15603701,"Yulu Cai uestc","2026-04-13 03:03:05",0.95212,3,yulucaiuestc
2549,15570485,"Georgia Paterianaki","2026-04-21 21:26:16",0.95209,5,georgiapaterianaki
2550,15541481,Carabes,"2026-04-04 19:37:31",0.95209,4,carabes
2551,15672704,"Varad Kulkarni_1703","2026-04-21 19:35:58",0.95207,3,varadkulkarni1703
2552,15606209,"RHNT FX","2026-04-13 11:10:45",0.95204,2,rhntfx
2553,15618374,DanielKoten,"2026-04-15 14:04:23",0.95204,1,danielkoten
2554,15533762,"Shin Tomura","2026-04-17 23:39:11",0.95200,44,shintomura
2555,15599064,"Lancelot Walter","2026-04-12 10:08:26",0.95193,1,lancelotwalter
2556,15719791,"MD. Al Kayes","2026-04-23 15:12:22",0.95185,1,mdalkayes
2557,15528490,"Rohit kumar211987","2026-04-01 09:24:47",0.95181,2,rohitkumar211987
2558,15620263,"Arsyad Azz","2026-04-15 09:39:54",0.95180,1,arsyadazz
2559,15583582,"Aditya Kumar Sony","2026-04-09 12:05:42",0.95176,2,adityakumarsony
2560,15660743,"Mausam Sahu","2026-04-20 19:09:42",0.95175,2,mausamsahu
2561,15571203,"Charan Bojja","2026-04-07 15:10:12",0.95171,3,"charanbojja,rushithadulugunti"
2562,15560079,"SRIGANESH KAVALI","2026-04-07 08:46:37",0.95169,1,sriganeshkavali99
2563,15724783,"Nithya T","2026-04-24 04:41:00",0.95168,1,nithyathanga
2564,15725301,"Rajesh Pavithra","2026-04-24 06:17:46",0.95168,1,rajeshpavithra
2565,15622257,"Imam Dzulvan Muffid","2026-04-15 15:56:33",0.95166,1,imamdzulvanmuffid
2566,15628742,"Hsieh Hsin-Yen","2026-04-16 08:11:31",0.95161,1,hsiehhsinyen
2567,15659709,"Mohid Raheel Khan","2026-04-20 15:16:25",0.95152,2,mohidraheelkhan
2568,15575928,"Ashudev Saini","2026-04-08 08:43:53",0.95150,2,ashudevsaini
2569,15565520,"Tabish Siddiqui","2026-04-06 16:28:23",0.95148,1,tabishsiddiqui321
2570,15566440,"Rajnandan Mishra","2026-04-14 18:08:36",0.95144,2,rajnandanmishra
2571,15657840,"aanya agarwal","2026-04-20 11:37:19",0.95130,1,aanya07
2572,15660768,"Karlos Garcia","2026-04-21 19:01:57",0.95121,10,thecountofcristo
2573,15528123,"Sangeetha Sasikumar","2026-04-08 00:09:28",0.95121,4,sangeetha007
2574,15527956,"Nicollette Espinosa2","2026-04-01 03:54:47",0.95100,2,nicolletteespinosa2
2575,15592397,"Алексей Гавриков","2026-04-10 21:10:01",0.95076,1,alexey11224456
2576,15555210,KaggleBeginner,"2026-04-21 16:41:21",0.95075,1,codexlearner
2577,15562912,"Anuj Negi","2026-04-10 14:06:45",0.95074,1,anujnegi07
2578,15606165,"Aldy Tri Ramadhani","2026-04-13 16:38:47",0.95067,1,aldytriramadhani
2579,15604687,dragojak,"2026-04-12 23:53:32",0.95066,3,dragojak
2580,15593424,"Brett Burtner","2026-04-11 02:59:13",0.95042,3,brettburtner
2581,15555778,"MD.Altaf Hossain Sunny","2026-04-06 05:57:12",0.95023,1,mdaltafhossainsunny
2582,15648407,"k240623 Taha Hassan","2026-04-23 22:32:02",0.95010,1,k240623tahahassan
2583,15597700,"Soham Chowdhury","2026-04-11 15:48:48",0.94989,2,sohamchowdhury1234
2584,15594230,"Utkarsh Chaudhary","2026-04-11 15:03:14",0.94944,2,utkarshchaudharycse
2585,15704167,jndecb,"2026-04-23 04:56:17",0.94941,1,jndecb
2586,15564767,husir1998,"2026-04-06 13:14:33",0.94934,1,husir1998
2587,15601892,"Chenyi Ge","2026-04-12 10:18:45",0.94774,1,chenyi091
2588,15637165,"-Raja Sardar-","2026-04-24 05:38:46",0.94766,1,errorcode420
2589,15701641,"k230720 Muhammad Sarim Khan Ghouri","2026-04-23 07:40:44",0.94740,6,k230720sarim
2590,15647677,"Norman Haag","2026-04-19 17:50:13",0.94725,3,haagle
2591,15575971,"Ethan Yong","2026-04-13 05:31:49",0.94713,2,ethanyongggg
2592,15560385,"Arwa Thabet","2026-04-05 18:32:37",0.94705,3,arwathabet
2593,15544616,B24224,"2026-04-03 10:05:02",0.94705,2,somyajangid78
2594,15606058,Fikhar2222,"2026-04-13 13:55:25",0.94683,1,fikhar2222
2595,15566807,abhiramr007,"2026-04-10 14:26:28",0.94665,2,abhiramr007
2596,15530164,Zak,"2026-04-09 19:33:00",0.94638,1,remsik
2597,15606216,"Tiara Saparang","2026-04-13 11:40:32",0.94636,1,tiarasaparang
2598,15729288,"Armeen Azam ","2026-04-24 12:43:58",0.94636,3,armeenazam
2599,15729049,"k240673 Hatim Mustafa","2026-04-24 12:48:57",0.94607,1,k240673hatimmustafa
2600,15708005,"k240812 Laiba Jamil","2026-04-23 12:02:27",0.94551,3,k240812laibajamil
2601,15538340,"Have Supper","2026-04-24 13:00:10",0.94513,1,crisyuxuan
2602,15544749,"Denisa Zgovancu","2026-04-23 11:45:37",0.94493,1,denisazgovancu
2603,15531633,Othan,"2026-04-09 00:41:42",0.94452,2,realothan
2604,15650120,"Fithriyah Ramadhani","2026-04-19 08:13:34",0.94448,2,fithriyahramadhani
2605,15539417,"Alex Marcelino Santee","2026-04-06 12:54:27",0.94405,5,alexmarcelinosantee
2606,15571050,"Aleksey Marichev","2026-04-07 19:59:10",0.94366,6,dlzxndev
2607,15707128,"Muhammad Umer Karim","2026-04-23 08:26:47",0.94336,1,muhammadumerkarim
2608,15615038,"Markosyan Misak ","2026-04-14 12:34:42",0.94324,2,markosyanmisak
2609,15605977,"Alisya Duri Azizah","2026-04-13 19:37:13",0.94318,1,alisyaduriazizah
2610,15555242,"1105_Sajjad Hosen emon","2026-04-04 17:02:08",0.94275,1,sajjadhosen
2611,15652254,"Clara DiVincenzo","2026-04-20 19:01:32",0.94274,5,claradivincenzo26
2612,15582847,"Riccardo Perin","2026-04-09 09:26:07",0.94077,2,riccardoperin
2613,15559620,"Arjun Krishna","2026-04-09 21:13:19",0.93912,1,k2arjun
2614,15571577,"Mohamed Elgohary","2026-04-07 16:29:35",0.93781,1,moelgohary
2615,15602620,"Pang Cheng Hao","2026-04-12 12:40:38",0.93746,1,pangchenghao
2616,15606194,"Dylan Sukma Yudha","2026-04-13 09:38:15",0.93606,1,dylansukmayudha
2617,15606190,"Abbie Dzakwan Putra Setyawan","2026-04-13 12:57:08",0.93606,1,abbiedzakwan
2618,15606188,"Nabilah Al Fadiyah","2026-04-13 13:25:17",0.93606,1,nabilahalfadiyah
2619,15540346,"Enercio Newton","2026-04-15 14:50:39",0.93507,2,enercionewton
2620,15613377,SAIKAT,"2026-04-16 13:41:43",0.93465,1,saikat3141
2621,15538562,Asuior,"2026-04-02 13:55:05",0.93321,2,asuior
2622,15556170,ianchute,"2026-04-05 07:11:19",0.93285,7,ianchute
2623,15606191,"Veronika Thalila Putri","2026-04-13 14:03:19",0.93070,1,veronikathalilaputri
2624,15599142,dariadk,"2026-04-11 20:59:24",0.92894,1,dariadk
2625,15566811,"Maryia Znak","2026-04-06 21:15:56",0.92796,1,maryiaznak
2626,15599027,TommyMSCS,"2026-04-11 22:04:47",0.92776,1,tommymscs
2627,15645896,"Pandey Harsh","2026-04-19 17:50:25",0.92597,1,pandeyharsh
2628,15657426,Vishnu_Anil_117,"2026-04-20 11:26:29",0.92338,4,vishnuanil117
2629,15530055,marylka,"2026-04-06 10:45:19",0.92265,1,marylka
2630,15585401,"Andrew Atanasiu","2026-04-14 20:17:07",0.92255,2,andrewatanasiu
2631,15672498,Safiiiiii_101,"2026-04-24 12:11:47",0.92228,2,safiiiiii101
2632,15635333,sosou5,"2026-04-17 05:45:47",0.92016,2,sosou5
2633,15531009,"Niklas Knobel","2026-04-02 15:57:38",0.91487,2,niklasknobel
2634,15606061,azrlbptr,"2026-04-13 11:52:05",0.91449,4,azrlbptr
2635,15617652,Bella_rosa_blue,"2026-04-14 22:38:44",0.91356,1,bellarosablue
2636,15551096,"Kyle Tadeo","2026-04-04 01:14:37",0.91246,6,kyletadeo
2637,15661478,"Anthony Stephens","2026-04-24 01:34:17",0.90877,19,anthonyjssr
2638,15624068,SamaReddy94,"2026-04-15 19:41:39",0.90820,1,samareddy94
2639,15636731,SAM50_50,"2026-04-18 17:00:14",0.90753,2,sam5050
2640,15532915,"Solomon Okello","2026-04-04 17:02:34",0.90717,9,solomonokello
2641,15541765,"Quan Tran","2026-04-08 18:29:27",0.90480,1,quanudem
2642,15612570,Cen617,"2026-04-14 06:00:00",0.90006,3,cen617
2643,15531546,Unique,"2026-04-02 13:48:47",0.89682,3,un1qu3
2644,15605317,"Mahmoud saad Elgharib","2026-04-14 21:51:55",0.89468,1,mah20050
2645,15637834,timetuned,"2026-04-17 13:51:15",0.89436,2,timetuned
2646,15653887,"Nicolas Le Bozec","2026-04-19 21:16:00",0.89286,1,nicolaslebozec
2647,15639206,Sholikin_098,"2026-04-18 21:59:02",0.89194,1,kikiniple
2648,15532087,"Michael Walker","2026-04-01 23:32:42",0.89105,3,michaelwalker11
2649,15548915,coolngr8,"2026-04-05 16:25:38",0.88468,1,coolngr8
2650,15612216,Chiyo,"2026-04-14 04:38:52",0.88130,2,chiyochan
2651,15547930,"Sudhanshu Singh","2026-04-05 10:50:46",0.88114,3,sudhanshu3112
2652,15703968,"Anselmo Santos Junior","2026-04-22 23:38:09",0.85700,1,anselmosantosjunior
2653,15530338,[SHP],"2026-04-01 14:56:19",0.85534,1,lveshi
2654,15634411,szegersb,"2026-04-19 02:29:47",0.85136,1,szegersb
2655,15536001,"Vikas Rain","2026-04-24 06:04:09",0.84690,19,vikasrain
2656,15607556,"Chrisella Sefriana Tilukay","2026-04-13 10:37:43",0.84661,2,chrisellasefriana
2657,15666188,Ruchitha123,"2026-04-23 05:51:27",0.84661,1,ruchi56
2658,15561930,"Jonathan T","2026-04-16 18:07:28",0.84612,4,jtdataperuser
2659,15590167,ByungSunBae,"2026-04-12 15:13:28",0.84479,8,byungsunbae
2660,15609866,"Muh Amri Sidiq","2026-04-19 08:57:21",0.83787,1,amri11
2661,15590821,"Bhavuk Mahajan","2026-04-11 06:58:50",0.83308,3,bhavukm007
2662,15559906,"Fernando Silvestre Sci","2026-04-05 18:41:37",0.83302,1,fernandosilvestresci
2663,15575057,"Dmitry Stadnik","2026-04-08 10:25:13",0.83198,1,dstdnk
2664,15605757,"Michael Chavinda","2026-04-13 05:23:13",0.82888,2,mchavinda
2665,15586456,"Pranika Chandra","2026-04-17 05:24:34",0.82382,2,pranikachandra
2666,15606206,11241039,"2026-04-13 12:28:00",0.81334,1,kanjengadha
2667,15531670,camilo_chart,"2026-04-24 00:19:56",0.79389,1,camilochart
2668,15574395,"thug wang","2026-04-08 08:28:02",0.78909,2,thugwang
2669,15673460,"Dheeraj Ippakayal","2026-04-21 17:54:58",0.77986,1,dheerajippakayal
2670,15729241,"Sunil Jagdish Sharma","2026-04-24 11:51:35",0.77959,1,suniljagdishsharma
2671,15538365,"Vineet Kumar","2026-04-19 08:57:55",0.77953,1,vineetkr21
2672,15657208,"Chintan Solanke","2026-04-22 16:13:34",0.77932,6,chintansolanke
2673,15671788,"Shree Koshti","2026-04-21 17:36:55",0.77926,1,shreekoshti195
2674,15567674,"Angelo Candari","2026-04-14 00:05:29",0.77924,4,fiftythirtyfour
2675,15657224,"Priti R Maurya","2026-04-21 14:52:31",0.77914,1,pritirmaurya
0,15425095,baseline_submission.csv,"2026-03-17 20:25:20",0.77904,1,
2676,15659966,"Manan Garg","2026-04-20 15:45:15",0.77894,1,manangarg15
2677,15587126,"Peyton Ramsey","2026-04-10 01:31:22",0.77884,2,peytonramsey
2678,15579157,"Matthew Kang","2026-04-08 23:24:03",0.77876,2,mkang0219
2679,15722154,"k235509 Ayesha Javed","2026-04-24 12:40:00",0.77869,3,k235509ayeshajaved
2680,15657336,"Ashish Mulani","2026-04-23 03:59:17",0.77813,3,ashishmulani
2681,15579320,"Ashutosh Agnihotri","2026-04-08 20:12:51",0.77768,1,imashuagni
2682,15723439,"Mike G","2026-04-24 12:11:12",0.77737,2,mrghx4
2683,15567549,"Apoorv tyagi05","2026-04-09 02:05:49",0.77633,1,apoorvtyagi05
2684,15606274,"AJAY ATHUPAKKAM ","2026-04-23 16:08:15",0.77538,1,ajayathupakkam
2685,15556143,"powerr spyy","2026-04-04 21:56:46",0.77453,3,powerrspyy
2686,15610365,ryanfu890907,"2026-04-13 17:33:38",0.77444,2,ryanfu890907
2687,15681873,"Jayron Andrade","2026-04-22 15:17:37",0.76579,1,jayronandrade
2688,15536888,"Константин Климчук","2026-04-24 09:06:19",0.75279,3,kestrel42
2689,15570960,"sara Ahmed","2026-04-13 12:00:57",0.74537,1,saraahmedsayed
2690,15606202,TiramissuCakes,"2026-04-13 12:43:48",0.74174,1,tiramissucakes
2691,15574008,"Vaibhav Badam","2026-04-08 02:03:28",0.73517,1,vaibhavbadam
2692,15670750,Samik,"2026-04-21 16:54:21",0.73341,1,samik2005
2693,15606193,"Alisha Zalfa Safitri","2026-04-13 10:45:06",0.72352,1,alishazalfasafitri
2694,15527561,"Jason Covarrubias","2026-04-18 04:59:05",0.72099,1,jasoncovarrubias
2695,15545766,nbanti943@gmail.con,"2026-04-07 07:45:50",0.71991,1,nbanti943gmailcon
2696,15619090,"Cinta Satilla","2026-04-15 14:11:26",0.71270,2,cintasatilla
2697,15606054,"Ferdianta Tarigan","2026-04-13 14:04:16",0.69893,1,ferdiantatarigan
2698,15623216,"Brandon Pew","2026-04-16 03:14:53",0.69367,1,brandonpew
2699,15682635,一行瑠璃,"2026-04-22 00:54:22",0.69367,1,yixingll
2700,15719944,"Timotius Giovandi","2026-04-23 23:27:36",0.69042,1,timotiusgiovandi
2701,15576025,"Kamohelo Mphirime","2026-04-08 10:39:09",0.68981,1,kamohelomphirime
2702,15708928,"Muhammad Umer","2026-04-24 10:15:33",0.68615,2,umer2410
2703,15561921,"Ashok Paudel","2026-04-06 17:19:37",0.67626,1,ashokpaudelapril0401
2704,15533512,"Youssef Ahmed","2026-04-16 00:41:39",0.66928,2,ysfa7md
2705,15557856,"hj j","2026-04-05 07:28:13",0.66773,1,jhj664
2706,15575350,bxg600,"2026-04-13 08:04:37",0.66481,1,bxg600
2707,15555536,MutualEgg,"2026-04-04 22:04:49",0.66112,2,mutualegg
2708,15554254,"Omkar Tanaji Patil","2026-04-04 16:44:59",0.65755,4,omkartanajipatil
2709,15600479,"MOHAMMED ADIL AHMED SHAREEF","2026-04-13 04:47:38",0.65719,2,adilahmedshareef
2710,15645369,"Nayan S. Patil","2026-04-20 10:08:09",0.65697,1,nayanspatil
2711,15605519,"Thisya Darmala","2026-04-13 14:05:01",0.65684,1,thisyadarmala
2712,15555475,LoganB01503,"2026-04-17 10:10:31",0.65657,5,loganb01503
2713,15574887,IHAX,"2026-04-08 16:12:18",0.65620,1,ihaxxxxx
2714,15573794,tianxing8172,"2026-04-24 10:24:17",0.65312,17,tianxing8172
2715,15547140,"Shivam Oza","2026-04-06 15:28:23",0.65310,1,shivamoza26
2716,15590759,"Prashant Sharma 2204","2026-04-11 12:17:50",0.63372,3,prashantsharma2204
2717,15571356,"Nanith Reddy","2026-04-07 14:45:11",0.63367,1,nanithreddy
2718,15529334,Maarifa_Ni_Mali,"2026-04-01 16:46:44",0.63153,1,yvessaidokibundila
2719,15587696,"Al Piesner","2026-04-10 05:00:40",0.62858,1,alpiesner
2720,15527633,"Muhammad Hamim Islam","2026-04-12 09:54:29",0.61872,1,odvut1
2721,15560535,"Uday Shankar Sharma","2026-04-06 07:32:39",0.59327,1,udayshankarsharma
2722,15555381,Danielphys,"2026-04-05 00:25:48",0.59076,5,danielphys
2723,15591246,IvanKrylov1,"2026-04-10 15:53:48",0.55936,1,ivankrylov1
2724,15579307,"Akanshya Sudhir Bapat","2026-04-08 23:04:01",0.53127,4,akanshya
2725,15533386,"Lorenzo Pedrini","2026-04-06 11:20:04",0.51660,2,lorenzopedrini
2726,15565887,"Duyen Nguyen","2026-04-07 10:26:37",0.51660,2,duyennguyenfu
2727,15572413,"Dharun Ramesh","2026-04-23 21:05:32",0.51660,1,dharunramesh
2728,15583823,Jiang,"2026-04-13 16:10:06",0.50412,2,"jncq2006,yitianxyj"
2729,15722546,"raheen z","2026-04-23 22:13:56",0.49874,1,raheenz
2730,15636650,"Blessings Sankando","2026-04-17 10:37:02",0.48906,1,blessingssankando
2731,15725806,Yui,"2026-04-24 08:01:25",0.48046,4,yui0729
2732,15590945,luicaru,"2026-04-17 09:28:27",0.47371,7,luicaru
2733,15602987,Haru,"2026-04-12 16:00:06",0.47120,1,haru0801
2734,15650425,"Brandon Sande","2026-04-19 14:27:12",0.46885,1,brandonsande
2735,15536474,"Madhukar Jeedi","2026-04-10 08:00:13",0.46851,3,madhukarjeedi
2736,15540635,"Hetvi Soni","2026-04-21 12:29:49",0.46018,4,sonihetvi10
2737,15539130,"manish Raikwar","2026-04-05 16:55:56",0.45627,6,manishraikwar
2738,15687132,Devendra,"2026-04-22 13:30:13",0.45447,2,codeblooded9
2739,15531651,"Engineer Graduate","2026-04-19 13:17:18",0.45248,4,engineergraduate
2740,15641903,KhangNguyen,"2026-04-20 00:24:59",0.40166,1,khangb
2741,15540187,"Ryan Shan","2026-04-21 19:03:20",0.38318,1,codegold
2742,15531886,"Shivani Varsha R","2026-04-01 18:15:39",0.36516,10,shivanivarshar
2743,15631238,KaggleFeng_Jll,"2026-04-21 13:20:00",0.33584,2,kagglefengjll
2744,15527482,Krishna@73824,"2026-04-01 02:52:30",0.33497,1,krishna73824
2745,15532717,"Pedro de Nieves","2026-04-01 19:17:50",0.33366,1,pdenieves
2746,15538281,scbz,"2026-04-02 11:08:14",0.33333,1,scbz4learning
2747,15539211,FH_in_Kaggle,"2026-04-02 14:39:57",0.33333,1,frankartesyan
2748,15541425,Xavier,"2026-04-03 00:27:35",0.33333,3,xx1263
2749,15530664,"Burak Ünal","2026-04-03 16:46:27",0.33333,1,"bburakk,eliffirinci,emregergin"
2750,15537081,Aniket_Verma,"2026-04-05 06:33:06",0.33333,2,aniketkiller
2751,15562944,Vedant_yadav11,"2026-04-06 05:09:18",0.33333,1,vedantyadav11
2752,15573424,"Emin Okic","2026-04-08 02:09:01",0.33333,1,eminokic
2753,15596993,"Sohaib Malik","2026-04-12 02:54:07",0.33333,5,sohaibdevv
2754,15604083,"AKHIL KUMAR","2026-04-12 17:10:13",0.33333,1,vakhilkumar421
2755,15629738,"Hemant Kumar Chodipilli","2026-04-16 10:22:28",0.33333,1,hemant1729
2756,15635228,zbzbbbb,"2026-04-17 04:33:05",0.33333,1,zbzbbbb
2757,15560038,"Shashikant Nishant Sharma","2026-04-18 15:59:31",0.33333,2,p2pservices
2758,15615851,Jeeya1,"2026-04-20 18:23:26",0.33333,2,jeeya1
2759,15675856,"Mehak Dhuka","2026-04-21 19:15:00",0.33333,1,mehakdhuka
2760,15652286,hayyyydraxx,"2026-04-22 00:42:27",0.33333,1,haidr4snaiper
2761,15671229,"Mr Avinash Prajapati","2026-04-22 09:20:52",0.33333,1,avinash069
2762,15646646,norikun55,"2026-04-21 12:52:48",0.33310,1,norikun55
2763,15562460,"amrutha k","2026-04-10 20:47:11",0.32294,2,ak5637
2764,15589540,"engy safwat","2026-04-10 09:27:00",0.30644,1,engysafwat
2765,15729632,mishalnaveen,"2026-04-24 12:51:57",0.23847,1,mishalnaveen
2766,15580681,"Griffen Thoma","2026-04-09 03:21:52",0.21699,1,griffenthoma
2767,15601354,Chandrashekar,"2026-04-12 10:56:18",0.15519,2,hermitsays
2768,15604249,Sarthak,"2026-04-16 07:45:01",0.05892,2,sarthakkkkk167
2769,15554198,prabhatj@228,"2026-04-04 13:17:35",0.04442,1,prabhatj228
2770,15640396,WyattClegg,"2026-04-17 19:36:43",0.04215,3,wclegg1
2771,15528106,Mphomu,"2026-04-09 06:51:15",0.04060,2,mphomu
2772,15721429,"Raiyana Rufaida","2026-04-24 02:11:29",0.03822,1,shes1r
2773,15656941,"Fidela Clarisa","2026-04-20 09:33:11",0.03818,1,fidelaclarisa
2774,15709152,"k240559 Bazil Uddin Khan","2026-04-23 13:02:10",0.03323,1,baziluddinkhan
2775,15591302,"Khaled Mousa Ali Mousa","2026-04-11 18:02:54",0.00000,1,khaledmousaalimousa
